ID,ECO_ACT_ECO_ACT,ENV_OB_ID,CRITER_CRITER,LVL1_VAR_VAR,LVL1_VAL_VAL,LVL2_VAR_VAR,LVL2_VAL_VAL,LVL3_VAR_VAR,LVL3_VAL_VAL,LVL4_VAR_VAR,LVL4_VAL_VAL,SUBST_VAL
1,EA_C_MA,BIO,BIO_EIA,REGULAR,,,,,,,,
2,EA_C_MA,BIO,BIO_LBS,REGULAR,,,,,,,,
3,EA_C_MA,CCA,ADS,REGULAR,,,,,,,,
4,EA_C_MA,CCA,ADS_ASM,REGULAR,,,,,,,,
5,EA_C_MA,CCA,ADS_DNSH,REGULAR,,,,,,,,
6,EA_C_MA,CCA,ADS_EXAST,REGULAR,,,,,,,,
7,EA_C_MA,CCA,ADS_MEAS,REGULAR,,,,,,,,
9,EA_C_MA,CCA,ADS_NBS,REGULAR,,,,,,,,
10,EA_C_MA,CCA,ADS_NEWAST,REGULAR,,,,,,,,
11,EA_C_MA,CCA,ADS_RES,REGULAR,,,,,,,,
13,EA_C_MA,CCA,ADS_STRG,REGULAR,,,,,,,,
14,EA_C_MA,CCA,CP_BP,REGULAR,,,,,,,,
15,EA_C_MA,CCA,CVA_OTR,REGULAR,,,,,,,,
16,EA_C_MA,CCA,CVA_SCALE10,REGULAR,,,,,,,,
17,EA_C_MA,CCA,RISK,REGULAR,,,,,,,,
18,EA_C_MA,CCA,RISK_MAT,REGULAR,,,,,,,,
19,EA_C_MA,CCA,RISK_SCREEN,REGULAR,,,,,,,,
20,EA_C_MA,CCM,ADS,REGULAR,,,,,,,,
21,EA_C_MA,CCM,ADS_ASM,REGULAR,,,,,,,,
22,EA_C_MA,CCM,ADS_EXAST,REGULAR,,,,,,,,
23,EA_C_MA,CCM,ADS_NBS,REGULAR,,,,,,,,
24,EA_C_MA,CCM,ADS_NEWAST,REGULAR,,,,,,,,
25,EA_C_MA,CCM,ADS_RES,REGULAR,,,,,,,,
26,EA_C_MA,CCM,ADS_STRG,REGULAR,,,,,,,,
27,EA_C_MA,CCM,ALUMP,REGULAR,,,,,,,,
28,EA_C_MA,CCM,ALUMS,REGULAR,,,,,,,,
29,EA_C_MA,CCM,CI,REGULAR,,,,,,,,
30,EA_C_MA,CCM,CP_BP,REGULAR,,,,,,,,
31,EA_C_MA,CCM,CVA_OTR,REGULAR,,,,,,,,
32,EA_C_MA,CCM,CVA_SCALE10,REGULAR,,,,,,,,
33,EA_C_MA,CCM,ELEC,REGULAR,,,,,,,,
34,EA_C_MA,CCM,RISK,REGULAR,,,,,,,,
35,EA_C_MA,CCM,RISK_MAT,REGULAR,,,,,,,,
36,EA_C_MA,CCM,RISK_SCREEN,REGULAR,,,,,,,,
37,EA_C_MA,CEC,CEC,NA,,,,,,,,
38,EA_C_MA,WAT,WAT_EIA,REGULAR,,,,,,,,
39,EA_C_MA,POL,POL_MEL_42,TYP_COMB,LIGNITE,COMB_RANGE,<100,COMB_UNIT,All Types,TYP_PLANT,Existing,Mercury
40,EA_C_MA,POL,POL_CECF_12,TYP_COMB,LIGNITE,COMB_RANGE,>=1000,COMB_UNIT,FLBOL,TYP_PLANT,Existing,CO
41,EA_C_MA,POL,POL_MNL_41,TYP_COMB,LIGNITE,COMB_RANGE,<100,COMB_UNIT,All Types,TYP_PLANT,New,Mercury
42,EA_C_MA,POL,POL_CNCF_11,TYP_COMB,LIGNITE,COMB_RANGE,>=1000,COMB_UNIT,FLBOL,TYP_PLANT,New,CO
43,EA_C_MA,POL,POL_CEC_10,TYP_COMB,LIGNITE,COMB_RANGE,<100,COMB_UNIT,All Types,TYP_PLANT,Existing,CO
44,EA_C_MA,POL,POL_CEC_10,TYP_COMB,LIGNITE,COMB_RANGE,100-300,COMB_UNIT,All Types,TYP_PLANT,Existing,CO
45,EA_C_MA,POL,POL_CECF_12,TYP_COMB,LIGNITE,COMB_RANGE,300-1000,COMB_UNIT,FLBOL,TYP_PLANT,Existing,CO
46,EA_C_MA,POL,POL_CNC_9,TYP_COMB,LIGNITE,COMB_RANGE,<100,COMB_UNIT,All Types,TYP_PLANT,New,CO
47,EA_C_MA,POL,POL_CNC_9,TYP_COMB,LIGNITE,COMB_RANGE,100-300,COMB_UNIT,All Types,TYP_PLANT,New,CO
48,EA_C_MA,POL,POL_CNCF_11,TYP_COMB,LIGNITE,COMB_RANGE,300-1000,COMB_UNIT,FLBOL,TYP_PLANT,New,CO
49,EA_C_MA,POL,POL_DEC_32,TYP_COMB,LIGNITE,COMB_RANGE,<100,COMB_UNIT,All Types,TYP_PLANT,Existing,dust
50,EA_C_MA,POL,POL_DEC_34,TYP_COMB,LIGNITE,COMB_RANGE,100-300,COMB_UNIT,All Types,TYP_PLANT,Existing,dust
51,EA_C_MA,POL,POL_DEC_38,TYP_COMB,LIGNITE,COMB_RANGE,>=1000,COMB_UNIT,PCBOL,TYP_PLANT,Existing,dust
52,EA_C_MA,POL,POL_DNC_37,TYP_COMB,LIGNITE,COMB_RANGE,>=1000,COMB_UNIT,PCBOL,TYP_PLANT,New,dust
53,EA_C_MA,POL,POL_DNC_31,TYP_COMB,LIGNITE,COMB_RANGE,<100,COMB_UNIT,All Types,TYP_PLANT,New,dust
54,EA_C_MA,POL,POL_DNC_33,TYP_COMB,LIGNITE,COMB_RANGE,100-300,COMB_UNIT,All Types,TYP_PLANT,New,dust
55,EA_C_MA,POL,POL_DEC_36,TYP_COMB,LIGNITE,COMB_RANGE,300-1000,COMB_UNIT,PCBOL,TYP_PLANT,Existing,dust
56,EA_C_MA,POL,POL_DNC_35,TYP_COMB,LIGNITE,COMB_RANGE,300-1000,COMB_UNIT,PCBOL,TYP_PLANT,New,dust
57,EA_C_MA,POL,POL_HEC_24,TYP_COMB,LIGNITE,COMB_RANGE,<100,COMB_UNIT,All Types,TYP_PLANT,Existing,HCI
58,EA_C_MA,POL,POL_HEC_26,TYP_COMB,LIGNITE,COMB_RANGE,100-300,COMB_UNIT,All Types,TYP_PLANT,Existing,HCI
59,EA_C_MA,POL,POL_HEC_26,TYP_COMB,LIGNITE,COMB_RANGE,>=1000,COMB_UNIT,PCBOL,TYP_PLANT,Existing,HCI
60,EA_C_MA,POL,POL_HEC_28,TYP_COMB,LIGNITE,COMB_RANGE,<100,COMB_UNIT,All Types,TYP_PLANT,Existing,HIF
61,EA_C_MA,POL,POL_HEC_30,TYP_COMB,LIGNITE,COMB_RANGE,100-300,COMB_UNIT,All Types,TYP_PLANT,Existing,HIF
62,EA_C_MA,POL,POL_HNC_25,TYP_COMB,LIGNITE,COMB_RANGE,>=1000,COMB_UNIT,PCBOL,TYP_PLANT,New,HCI
63,EA_C_MA,POL,POL_HNC_23,TYP_COMB,LIGNITE,COMB_RANGE,<100,COMB_UNIT,All Types,TYP_PLANT,New,HCI
64,EA_C_MA,POL,POL_HNC_25,TYP_COMB,LIGNITE,COMB_RANGE,100-300,COMB_UNIT,All Types,TYP_PLANT,New,HCI
65,EA_C_MA,POL,POL_HEC_26,TYP_COMB,LIGNITE,COMB_RANGE,300-1000,COMB_UNIT,PCBOL,TYP_PLANT,Existing,HCI
66,EA_C_MA,POL,POL_HNC_27,TYP_COMB,LIGNITE,COMB_RANGE,<100,COMB_UNIT,All Types,TYP_PLANT,New,HIF
67,EA_C_MA,POL,POL_HNC_29,TYP_COMB,LIGNITE,COMB_RANGE,100-300,COMB_UNIT,All Types,TYP_PLANT,New,HIF
68,EA_C_MA,POL,POL_HNC_25,TYP_COMB,LIGNITE,COMB_RANGE,300-1000,COMB_UNIT,PCBOL,TYP_PLANT,New,HCI
69,EA_C_MA,POL,POL_NEC_2,TYP_COMB,LIGNITE,COMB_RANGE,<100,COMB_UNIT,All Types,TYP_PLANT,Existing,NOX
70,EA_C_MA,POL,POL_NEC_4,TYP_COMB,LIGNITE,COMB_RANGE,100-300,COMB_UNIT,All Types,TYP_PLANT,Existing,NOX
71,EA_C_MA,POL,POL_HEC_30,TYP_COMB,LIGNITE,COMB_RANGE,>=1000,COMB_UNIT,PCBOL,TYP_PLANT,Existing,HIF
72,EA_C_MA,POL,POL_NNC_1,TYP_COMB,LIGNITE,COMB_RANGE,<100,COMB_UNIT,All Types,TYP_PLANT,New,NOX
73,EA_C_MA,POL,POL_NNC_3,TYP_COMB,LIGNITE,COMB_RANGE,100-300,COMB_UNIT,All Types,TYP_PLANT,New,NOX
74,EA_C_MA,POL,POL_HNC_29,TYP_COMB,LIGNITE,COMB_RANGE,>=1000,COMB_UNIT,PCBOL,TYP_PLANT,New,HIF
75,EA_C_MA,POL,POL_SEC_16,TYP_COMB,LIGNITE,COMB_RANGE,<100,COMB_UNIT,All Types,TYP_PLANT,Existing,SO2
76,EA_C_MA,POL,POL_SEC_18,TYP_COMB,LIGNITE,COMB_RANGE,100-300,COMB_UNIT,All Types,TYP_PLANT,Existing,SO2
77,EA_C_MA,POL,POL_HEC_30,TYP_COMB,LIGNITE,COMB_RANGE,300-1000,COMB_UNIT,PCBOL,TYP_PLANT,Existing,HIF
78,EA_C_MA,POL,POL_HNC_29,TYP_COMB,LIGNITE,COMB_RANGE,300-1000,COMB_UNIT,PCBOL,TYP_PLANT,New,HIF
79,EA_C_MA,POL,POL_SNC_15,TYP_COMB,LIGNITE,COMB_RANGE,<100,COMB_UNIT,All Types,TYP_PLANT,New,SO2
80,EA_C_MA,POL,POL_SNC_17,TYP_COMB,LIGNITE,COMB_RANGE,100-300,COMB_UNIT,All Types,TYP_PLANT,New,SO2
81,EA_C_MA,POL,POL_MEL_46,TYP_COMB,LIGNITE,COMB_RANGE,>=1000,COMB_UNIT,PCBOL,TYP_PLANT,Existing,Mercury
82,EA_C_MA,POL,POL_MNL_45,TYP_COMB,LIGNITE,COMB_RANGE,>=1000,COMB_UNIT,PCBOL,TYP_PLANT,New,Mercury
83,EA_C_MA,POL,POL_MEL_46,TYP_COMB,LIGNITE,COMB_RANGE,300-1000,COMB_UNIT,PCBOL,TYP_PLANT,Existing,Mercury
84,EA_C_MA,POL,POL_MNL_45,TYP_COMB,LIGNITE,COMB_RANGE,300-1000,COMB_UNIT,PCBOL,TYP_PLANT,New,Mercury
85,EA_C_MA,POL,POL_DEC_38,TYP_COMB,LIGNITE,COMB_RANGE,>=1000,COMB_UNIT,FLBOL,TYP_PLANT,Existing,dust
86,EA_C_MA,POL,POL_DNC_37,TYP_COMB,LIGNITE,COMB_RANGE,>=1000,COMB_UNIT,FLBOL,TYP_PLANT,New,dust
87,EA_C_MA,POL,POL_DEC_36,TYP_COMB,LIGNITE,COMB_RANGE,300-1000,COMB_UNIT,FLBOL,TYP_PLANT,Existing,dust
88,EA_C_MA,POL,POL_DNC_35,TYP_COMB,LIGNITE,COMB_RANGE,300-1000,COMB_UNIT,FLBOL,TYP_PLANT,New,dust
89,EA_C_MA,POL,POL_HEC_26,TYP_COMB,LIGNITE,COMB_RANGE,>=1000,COMB_UNIT,FLBOL,TYP_PLANT,Existing,HCI
90,EA_C_MA,POL,POL_HNC_25,TYP_COMB,LIGNITE,COMB_RANGE,>=1000,COMB_UNIT,FLBOL,TYP_PLANT,New,HCI
91,EA_C_MA,POL,POL_HEC_26,TYP_COMB,LIGNITE,COMB_RANGE,300-1000,COMB_UNIT,FLBOL,TYP_PLANT,Existing,HCI
92,EA_C_MA,POL,POL_HNC_25,TYP_COMB,LIGNITE,COMB_RANGE,300-1000,COMB_UNIT,FLBOL,TYP_PLANT,New,HCI
93,EA_C_MA,POL,POL_HEC_30,TYP_COMB,LIGNITE,COMB_RANGE,>=1000,COMB_UNIT,FLBOL,TYP_PLANT,Existing,HIF
94,EA_C_MA,POL,POL_HNC_29,TYP_COMB,LIGNITE,COMB_RANGE,>=1000,COMB_UNIT,FLBOL,TYP_PLANT,New,HIF
95,EA_C_MA,POL,POL_HEC_30,TYP_COMB,LIGNITE,COMB_RANGE,300-1000,COMB_UNIT,FLBOL,TYP_PLANT,Existing,HIF
96,EA_C_MA,POL,POL_HNC_29,TYP_COMB,LIGNITE,COMB_RANGE,300-1000,COMB_UNIT,FLBOL,TYP_PLANT,New,HIF
97,EA_C_MA,POL,POL_MEL_46,TYP_COMB,LIGNITE,COMB_RANGE,>=1000,COMB_UNIT,FLBOL,TYP_PLANT,Existing,Mercury
98,EA_C_MA,POL,POL_MNL_45,TYP_COMB,LIGNITE,COMB_RANGE,>=1000,COMB_UNIT,FLBOL,TYP_PLANT,New,Mercury
99,EA_C_MA,POL,POL_MEL_46,TYP_COMB,LIGNITE,COMB_RANGE,300-1000,COMB_UNIT,FLBOL,TYP_PLANT,Existing,Mercury
100,EA_C_MA,POL,POL_MNL_45,TYP_COMB,LIGNITE,COMB_RANGE,300-1000,COMB_UNIT,FLBOL,TYP_PLANT,New,Mercury
101,EA_C_MA,POL,POL_NECF_6,TYP_COMB,LIGNITE,COMB_RANGE,>=1000,COMB_UNIT,FLBOL,TYP_PLANT,Existing,NOX
102,EA_C_MA,POL,POL_NNCF_5,TYP_COMB,LIGNITE,COMB_RANGE,>=1000,COMB_UNIT,FLBOL,TYP_PLANT,New,NOX
103,EA_C_MA,POL,POL_NECF_6,TYP_COMB,LIGNITE,COMB_RANGE,300-1000,COMB_UNIT,FLBOL,TYP_PLANT,Existing,NOX
104,EA_C_MA,POL,POL_NNCF_5,TYP_COMB,LIGNITE,COMB_RANGE,300-1000,COMB_UNIT,FLBOL,TYP_PLANT,New,NOX
105,EA_C_MA,POL,POL_NECF_6,TYP_COMB,LIGNITE,COMB_RANGE,>=1000,COMB_UNIT,PCBOL,TYP_PLANT,Existing,NOX
106,EA_C_MA,POL,POL_NNCF_5,TYP_COMB,LIGNITE,COMB_RANGE,>=1000,COMB_UNIT,PCBOL,TYP_PLANT,New,NOX
107,EA_C_MA,POL,POL_NECF_6,TYP_COMB,LIGNITE,COMB_RANGE,300-1000,COMB_UNIT,PCBOL,TYP_PLANT,Existing,NOX
108,EA_C_MA,POL,POL_NNCF_5,TYP_COMB,LIGNITE,COMB_RANGE,300-1000,COMB_UNIT,PCBOL,TYP_PLANT,New,NOX
109,EA_C_MA,POL,POL_SECF_22,TYP_COMB,LIGNITE,COMB_RANGE,>=1000,COMB_UNIT,FLBOL,TYP_PLANT,Existing,SO2
110,EA_C_MA,POL,POL_SECP_20,TYP_COMB,LIGNITE,COMB_RANGE,>=1000,COMB_UNIT,PCBOL,TYP_PLANT,Existing,SO2
111,EA_C_MA,POL,POL_SNCF_21,TYP_COMB,LIGNITE,COMB_RANGE,>=1000,COMB_UNIT,FLBOL,TYP_PLANT,New,SO2
112,EA_C_MA,POL,POL_SNCP_19,TYP_COMB,LIGNITE,COMB_RANGE,>=1000,COMB_UNIT,PCBOL,TYP_PLANT,New,SO2
113,EA_C_MA,POL,POL_SECF_22,TYP_COMB,LIGNITE,COMB_RANGE,300-1000,COMB_UNIT,FLBOL,TYP_PLANT,Existing,SO2
114,EA_C_MA,POL,POL_SECP_20,TYP_COMB,LIGNITE,COMB_RANGE,300-1000,COMB_UNIT,PCBOL,TYP_PLANT,Existing,SO2
115,EA_C_MA,POL,POL_SNCF_21,TYP_COMB,LIGNITE,COMB_RANGE,300-1000,COMB_UNIT,FLBOL,TYP_PLANT,New,SO2
116,EA_C_MA,POL,POL_SNCP_19,TYP_COMB,LIGNITE,COMB_RANGE,300-1000,COMB_UNIT,PCBOL,TYP_PLANT,New,SO2
117,EA_C_MA,POL,POL_MEL_42,TYP_COMB,LIGNITE,COMB_RANGE,100-300,COMB_UNIT,All Types,TYP_PLANT,Existing,Mercury
118,EA_C_MA,POL,POL_MNL_41,TYP_COMB,LIGNITE,COMB_RANGE,100-300,COMB_UNIT,All Types,TYP_PLANT,New,Mercury
119,EA_C_MA,POL,POL_CECF_12,TYP_COMB,LIGNITE,COMB_RANGE,>=1000,COMB_UNIT,PCBOL,TYP_PLANT,Existing,CO
120,EA_C_MA,POL,POL_CNCF_11,TYP_COMB,LIGNITE,COMB_RANGE,>=1000,COMB_UNIT,PCBOL,TYP_PLANT,New,CO
121,EA_C_MA,POL,POL_CECF_12,TYP_COMB,LIGNITE,COMB_RANGE,300-1000,COMB_UNIT,PCBOL,TYP_PLANT,Existing,CO
122,EA_C_MA,POL,POL_CNCF_11,TYP_COMB,LIGNITE,COMB_RANGE,300-1000,COMB_UNIT,PCBOL,TYP_PLANT,New,CO
123,EA_C_MA,POL,POL_CEC_10,TYP_COMB,COAL,COMB_RANGE,<100,COMB_UNIT,All Types,TYP_PLANT,Existing,CO
124,EA_C_MA,POL,POL_CNC_9,TYP_COMB,COAL,COMB_RANGE,<100,COMB_UNIT,All Types,TYP_PLANT,New,CO
125,EA_C_MA,POL,POL_DEC_32,TYP_COMB,COAL,COMB_RANGE,<100,COMB_UNIT,All Types,TYP_PLANT,Existing,dust
126,EA_C_MA,POL,POL_DNC_31,TYP_COMB,COAL,COMB_RANGE,<100,COMB_UNIT,All Types,TYP_PLANT,New,dust
127,EA_C_MA,POL,POL_HEC_24,TYP_COMB,COAL,COMB_RANGE,<100,COMB_UNIT,All Types,TYP_PLANT,Existing,HCI
128,EA_C_MA,POL,POL_HEC_28,TYP_COMB,COAL,COMB_RANGE,<100,COMB_UNIT,All Types,TYP_PLANT,Existing,HIF
129,EA_C_MA,POL,POL_HNC_23,TYP_COMB,COAL,COMB_RANGE,<100,COMB_UNIT,All Types,TYP_PLANT,New,HCI
130,EA_C_MA,POL,POL_HNC_27,TYP_COMB,COAL,COMB_RANGE,<100,COMB_UNIT,All Types,TYP_PLANT,New,HIF
131,EA_C_MA,POL,POL_NEC_2,TYP_COMB,COAL,COMB_RANGE,<100,COMB_UNIT,All Types,TYP_PLANT,Existing,NOX
132,EA_C_MA,POL,POL_NNC_1,TYP_COMB,COAL,COMB_RANGE,<100,COMB_UNIT,All Types,TYP_PLANT,New,NOX
133,EA_C_MA,POL,POL_SEC_16,TYP_COMB,COAL,COMB_RANGE,<100,COMB_UNIT,All Types,TYP_PLANT,Existing,SO2
134,EA_C_MA,POL,POL_SNC_15,TYP_COMB,COAL,COMB_RANGE,<100,COMB_UNIT,All Types,TYP_PLANT,New,SO2
135,EA_C_MA,POL,POL_MEC_40,TYP_COMB,COAL,COMB_RANGE,<100,COMB_UNIT,All Types,TYP_PLANT,Existing,Mercury
136,EA_C_MA,POL,POL_MNC_39,TYP_COMB,COAL,COMB_RANGE,<100,COMB_UNIT,All Types,TYP_PLANT,New,Mercury
137,EA_C_MA,POL,POL_DEC_38,TYP_COMB,COAL,COMB_RANGE,>=1000,COMB_UNIT,PCBOL,TYP_PLANT,Existing,dust
138,EA_C_MA,POL,POL_DNC_37,TYP_COMB,COAL,COMB_RANGE,>=1000,COMB_UNIT,PCBOL,TYP_PLANT,New,dust
139,EA_C_MA,POL,POL_MEC_44,TYP_COMB,COAL,COMB_RANGE,>=1000,COMB_UNIT,PCBOL,TYP_PLANT,Existing,Mercury
140,EA_C_MA,POL,POL_MNC_43,TYP_COMB,COAL,COMB_RANGE,>=1000,COMB_UNIT,PCBOL,TYP_PLANT,New,Mercury
141,EA_C_MA,POL,POL_CECC_14,TYP_COMB,COAL,COMB_RANGE,>=1000,COMB_UNIT,PCBOL,TYP_PLANT,Existing,CO
142,EA_C_MA,POL,POL_CECF_12,TYP_COMB,COAL,COMB_RANGE,>=1000,COMB_UNIT,FLBOL,TYP_PLANT,Existing,CO
143,EA_C_MA,POL,POL_CNCC_13,TYP_COMB,COAL,COMB_RANGE,>=1000,COMB_UNIT,PCBOL,TYP_PLANT,New,CO
144,EA_C_MA,POL,POL_CNCF_11,TYP_COMB,COAL,COMB_RANGE,>=1000,COMB_UNIT,FLBOL,TYP_PLANT,New,CO
145,EA_C_MA,POL,POL_HEC_26,TYP_COMB,COAL,COMB_RANGE,>=1000,COMB_UNIT,PCBOL,TYP_PLANT,Existing,HCI
146,EA_C_MA,POL,POL_HEC_30,TYP_COMB,COAL,COMB_RANGE,>=1000,COMB_UNIT,PCBOL,TYP_PLANT,Existing,HIF
147,EA_C_MA,POL,POL_HNC_25,TYP_COMB,COAL,COMB_RANGE,>=1000,COMB_UNIT,PCBOL,TYP_PLANT,New,HCI
148,EA_C_MA,POL,POL_HNC_29,TYP_COMB,COAL,COMB_RANGE,>=1000,COMB_UNIT,PCBOL,TYP_PLANT,New,HIF
149,EA_C_MA,POL,POL_NECC_8,TYP_COMB,COAL,COMB_RANGE,>=1000,COMB_UNIT,PCBOL,TYP_PLANT,Existing,NOX
150,EA_C_MA,POL,POL_NECF_6,TYP_COMB,COAL,COMB_RANGE,>=1000,COMB_UNIT,FLBOL,TYP_PLANT,Existing,NOX
151,EA_C_MA,POL,POL_NNCC_7,TYP_COMB,COAL,COMB_RANGE,>=1000,COMB_UNIT,PCBOL,TYP_PLANT,New,NOX
152,EA_C_MA,POL,POL_NNCF_5,TYP_COMB,COAL,COMB_RANGE,>=1000,COMB_UNIT,FLBOL,TYP_PLANT,New,NOX
153,EA_C_MA,POL,POL_SECF_22,TYP_COMB,COAL,COMB_RANGE,>=1000,COMB_UNIT,FLBOL,TYP_PLANT,Existing,SO2
154,EA_C_MA,POL,POL_SECP_20,TYP_COMB,COAL,COMB_RANGE,>=1000,COMB_UNIT,PCBOL,TYP_PLANT,Existing,SO2
155,EA_C_MA,POL,POL_SNCF_21,TYP_COMB,COAL,COMB_RANGE,>=1000,COMB_UNIT,FLBOL,TYP_PLANT,New,SO2
156,EA_C_MA,POL,POL_SNCP_19,TYP_COMB,COAL,COMB_RANGE,>=1000,COMB_UNIT,PCBOL,TYP_PLANT,New,SO2
157,EA_C_MA,POL,POL_CEC_10,TYP_COMB,COAL,COMB_RANGE,100-300,COMB_UNIT,All Types,TYP_PLANT,Existing,CO
158,EA_C_MA,POL,POL_CNC_9,TYP_COMB,COAL,COMB_RANGE,100-300,COMB_UNIT,All Types,TYP_PLANT,New,CO
159,EA_C_MA,POL,POL_DEC_34,TYP_COMB,COAL,COMB_RANGE,100-300,COMB_UNIT,All Types,TYP_PLANT,Existing,dust
160,EA_C_MA,POL,POL_DNC_33,TYP_COMB,COAL,COMB_RANGE,100-300,COMB_UNIT,All Types,TYP_PLANT,New,dust
161,EA_C_MA,POL,POL_HEC_26,TYP_COMB,COAL,COMB_RANGE,100-300,COMB_UNIT,All Types,TYP_PLANT,Existing,HCI
162,EA_C_MA,POL,POL_HEC_30,TYP_COMB,COAL,COMB_RANGE,100-300,COMB_UNIT,All Types,TYP_PLANT,Existing,HIF
163,EA_C_MA,POL,POL_HNC_25,TYP_COMB,COAL,COMB_RANGE,100-300,COMB_UNIT,All Types,TYP_PLANT,New,HCI
164,EA_C_MA,POL,POL_HNC_29,TYP_COMB,COAL,COMB_RANGE,100-300,COMB_UNIT,All Types,TYP_PLANT,New,HIF
165,EA_C_MA,POL,POL_NEC_4,TYP_COMB,COAL,COMB_RANGE,100-300,COMB_UNIT,All Types,TYP_PLANT,Existing,NOX
166,EA_C_MA,POL,POL_NNC_3,TYP_COMB,COAL,COMB_RANGE,100-300,COMB_UNIT,All Types,TYP_PLANT,New,NOX
167,EA_C_MA,POL,POL_SEC_18,TYP_COMB,COAL,COMB_RANGE,100-300,COMB_UNIT,All Types,TYP_PLANT,Existing,SO2
168,EA_C_MA,POL,POL_SNC_17,TYP_COMB,COAL,COMB_RANGE,100-300,COMB_UNIT,All Types,TYP_PLANT,New,SO2
169,EA_C_MA,POL,POL_MEC_40,TYP_COMB,COAL,COMB_RANGE,100-300,COMB_UNIT,All Types,TYP_PLANT,Existing,Mercury
170,EA_C_MA,POL,POL_MNC_39,TYP_COMB,COAL,COMB_RANGE,100-300,COMB_UNIT,All Types,TYP_PLANT,New,Mercury
171,EA_C_MA,POL,POL_DEC_36,TYP_COMB,COAL,COMB_RANGE,300-1000,COMB_UNIT,PCBOL,TYP_PLANT,Existing,dust
172,EA_C_MA,POL,POL_DNC_35,TYP_COMB,COAL,COMB_RANGE,300-1000,COMB_UNIT,PCBOL,TYP_PLANT,New,dust
173,EA_C_MA,POL,POL_MEC_44,TYP_COMB,COAL,COMB_RANGE,300-1000,COMB_UNIT,PCBOL,TYP_PLANT,Existing,Mercury
174,EA_C_MA,POL,POL_MNC_43,TYP_COMB,COAL,COMB_RANGE,300-1000,COMB_UNIT,PCBOL,TYP_PLANT,New,Mercury
175,EA_C_MA,POL,POL_CECC_14,TYP_COMB,COAL,COMB_RANGE,300-1000,COMB_UNIT,PCBOL,TYP_PLANT,Existing,CO
176,EA_C_MA,POL,POL_CECF_12,TYP_COMB,COAL,COMB_RANGE,300-1000,COMB_UNIT,FLBOL,TYP_PLANT,Existing,CO
177,EA_C_MA,POL,POL_CNCC_13,TYP_COMB,COAL,COMB_RANGE,300-1000,COMB_UNIT,PCBOL,TYP_PLANT,New,CO
178,EA_C_MA,POL,POL_CNCF_11,TYP_COMB,COAL,COMB_RANGE,300-1000,COMB_UNIT,FLBOL,TYP_PLANT,New,CO
179,EA_C_MA,POL,POL_HEC_26,TYP_COMB,COAL,COMB_RANGE,300-1000,COMB_UNIT,PCBOL,TYP_PLANT,Existing,HCI
180,EA_C_MA,POL,POL_HEC_30,TYP_COMB,COAL,COMB_RANGE,300-1000,COMB_UNIT,PCBOL,TYP_PLANT,Existing,HIF
181,EA_C_MA,POL,POL_HNC_25,TYP_COMB,COAL,COMB_RANGE,300-1000,COMB_UNIT,PCBOL,TYP_PLANT,New,HCI
182,EA_C_MA,POL,POL_HNC_29,TYP_COMB,COAL,COMB_RANGE,300-1000,COMB_UNIT,PCBOL,TYP_PLANT,New,HIF
183,EA_C_MA,POL,POL_NECC_8,TYP_COMB,COAL,COMB_RANGE,300-1000,COMB_UNIT,PCBOL,TYP_PLANT,Existing,NOX
184,EA_C_MA,POL,POL_NECF_6,TYP_COMB,COAL,COMB_RANGE,300-1000,COMB_UNIT,FLBOL,TYP_PLANT,Existing,NOX
185,EA_C_MA,POL,POL_NNCC_7,TYP_COMB,COAL,COMB_RANGE,300-1000,COMB_UNIT,PCBOL,TYP_PLANT,New,NOX
186,EA_C_MA,POL,POL_NNCF_5,TYP_COMB,COAL,COMB_RANGE,300-1000,COMB_UNIT,FLBOL,TYP_PLANT,New,NOX
187,EA_C_MA,POL,POL_SECF_22,TYP_COMB,COAL,COMB_RANGE,300-1000,COMB_UNIT,FLBOL,TYP_PLANT,Existing,SO2
188,EA_C_MA,POL,POL_SECP_20,TYP_COMB,COAL,COMB_RANGE,300-1000,COMB_UNIT,PCBOL,TYP_PLANT,Existing,SO2
189,EA_C_MA,POL,POL_SNCF_21,TYP_COMB,COAL,COMB_RANGE,300-1000,COMB_UNIT,FLBOL,TYP_PLANT,New,SO2
190,EA_C_MA,POL,POL_SNCP_19,TYP_COMB,COAL,COMB_RANGE,300-1000,COMB_UNIT,PCBOL,TYP_PLANT,New,SO2
191,EA_C_MA,POL,POL_HEC_26,TYP_COMB,COAL,COMB_RANGE,300-1000,COMB_UNIT,FLBOL,TYP_PLANT,Existing,HCI
192,EA_C_MA,POL,POL_HEC_30,TYP_COMB,COAL,COMB_RANGE,300-1000,COMB_UNIT,FLBOL,TYP_PLANT,Existing,HIF
193,EA_C_MA,POL,POL_HNC_25,TYP_COMB,COAL,COMB_RANGE,300-1000,COMB_UNIT,FLBOL,TYP_PLANT,New,HCI
194,EA_C_MA,POL,POL_HNC_29,TYP_COMB,COAL,COMB_RANGE,300-1000,COMB_UNIT,FLBOL,TYP_PLANT,New,HIF
195,EA_C_MA,POL,POL_DEC_36,TYP_COMB,COAL,COMB_RANGE,300-1000,COMB_UNIT,FLBOL,TYP_PLANT,Existing,dust
196,EA_C_MA,POL,POL_DNC_35,TYP_COMB,COAL,COMB_RANGE,300-1000,COMB_UNIT,FLBOL,TYP_PLANT,New,dust
197,EA_C_MA,POL,POL_MEC_44,TYP_COMB,COAL,COMB_RANGE,300-1000,COMB_UNIT,FLBOL,TYP_PLANT,Existing,Mercury
198,EA_C_MA,POL,POL_MNC_43,TYP_COMB,COAL,COMB_RANGE,300-1000,COMB_UNIT,FLBOL,TYP_PLANT,New,Mercury
199,EA_C_MA,POL,POL_HEC_26,TYP_COMB,COAL,COMB_RANGE,>=1000,COMB_UNIT,FLBOL,TYP_PLANT,Existing,HCI
200,EA_C_MA,POL,POL_HEC_30,TYP_COMB,COAL,COMB_RANGE,>=1000,COMB_UNIT,FLBOL,TYP_PLANT,Existing,HIF
201,EA_C_MA,POL,POL_HNC_25,TYP_COMB,COAL,COMB_RANGE,>=1000,COMB_UNIT,FLBOL,TYP_PLANT,New,HCI
202,EA_C_MA,POL,POL_HNC_29,TYP_COMB,COAL,COMB_RANGE,>=1000,COMB_UNIT,FLBOL,TYP_PLANT,New,HIF
203,EA_C_MA,POL,POL_DEC_38,TYP_COMB,COAL,COMB_RANGE,>=1000,COMB_UNIT,FLBOL,TYP_PLANT,Existing,dust
204,EA_C_MA,POL,POL_DNC_37,TYP_COMB,COAL,COMB_RANGE,>=1000,COMB_UNIT,FLBOL,TYP_PLANT,New,dust
205,EA_C_MA,POL,POL_MEC_44,TYP_COMB,COAL,COMB_RANGE,>=1000,COMB_UNIT,FLBOL,TYP_PLANT,Existing,Mercury
206,EA_C_MA,POL,POL_MNC_43,TYP_COMB,COAL,COMB_RANGE,>=1000,COMB_UNIT,FLBOL,TYP_PLANT,New,Mercury
207,EA_C_MA,POL,POL_CEF_150,TYP_COMB,FCB,COMB_RANGE,<100,FUEL,GAS,TYP_PLANT,Existing,CO
208,EA_C_MA,POL,POL_CNF_149,TYP_COMB,FCB,COMB_RANGE,<100,FUEL,GAS,TYP_PLANT,New,CO
209,EA_C_MA,POL,POL_CEF_150,TYP_COMB,FCB,COMB_RANGE,<100,FUEL,MIXGL,TYP_PLANT,Existing,CO
210,EA_C_MA,POL,POL_CNF_149,TYP_COMB,FCB,COMB_RANGE,<100,FUEL,MIXGL,TYP_PLANT,New,CO
211,EA_C_MA,POL,POL_DEF_162,TYP_COMB,FCB,COMB_RANGE,<100,FUEL,MIXGL,TYP_PLANT,Existing,dust
212,EA_C_MA,POL,POL_DNF_161,TYP_COMB,FCB,COMB_RANGE,<100,FUEL,MIXGL,TYP_PLANT,New,dust
213,EA_C_MA,POL,POL_HEF_154,TYP_COMB,FCB,COMB_RANGE,<100,FUEL,MIXGL,TYP_PLANT,Existing,HCI
214,EA_C_MA,POL,POL_HEF_158,TYP_COMB,FCB,COMB_RANGE,<100,FUEL,MIXGL,TYP_PLANT,Existing,HF
215,EA_C_MA,POL,POL_HNF_153,TYP_COMB,FCB,COMB_RANGE,<100,FUEL,MIXGL,TYP_PLANT,New,HCI
216,EA_C_MA,POL,POL_HNF_157,TYP_COMB,FCB,COMB_RANGE,<100,FUEL,MIXGL,TYP_PLANT,New,HF
217,EA_C_MA,POL,POL_HEF_154,TYP_COMB,FCB,COMB_RANGE,<100,FUEL,GAS,TYP_PLANT,Existing,HCI
218,EA_C_MA,POL,POL_HEF_158,TYP_COMB,FCB,COMB_RANGE,<100,FUEL,GAS,TYP_PLANT,Existing,HF
219,EA_C_MA,POL,POL_HNF_153,TYP_COMB,FCB,COMB_RANGE,<100,FUEL,GAS,TYP_PLANT,New,HCI
220,EA_C_MA,POL,POL_HNF_157,TYP_COMB,FCB,COMB_RANGE,<100,FUEL,GAS,TYP_PLANT,New,HF
221,EA_C_MA,POL,POL_NNFG_147,TYP_COMB,FCB,COMB_RANGE,<100,FUEL,GAS,TYP_PLANT,New,NOX
222,EA_C_MA,POL,POL_NNFM_145,TYP_COMB,FCB,COMB_RANGE,<100,FUEL,MIXGL,TYP_PLANT,New,NOX
223,EA_C_MA,POL,POL_NEFG_148,TYP_COMB,FCB,COMB_RANGE,<100,FUEL,GAS,TYP_PLANT,Existing,NOX
224,EA_C_MA,POL,POL_NEFM_146,TYP_COMB,FCB,COMB_RANGE,<100,FUEL,MIXGL,TYP_PLANT,Existing,NOX
225,EA_C_MA,POL,POL_PF_165,TYP_COMB,FCB,COMB_RANGE,<100,FUEL,GAS,TYP_PLANT,New,PCDD/F
226,EA_C_MA,POL,POL_PF_165,TYP_COMB,FCB,COMB_RANGE,<100,FUEL,MIXGL,TYP_PLANT,New,PCDD/F
227,EA_C_MA,POL,POL_PF_165,TYP_COMB,FCB,COMB_RANGE,<100,FUEL,GAS,TYP_PLANT,Existing,PCDD/F
228,EA_C_MA,POL,POL_PF_165,TYP_COMB,FCB,COMB_RANGE,<100,FUEL,MIXGL,TYP_PLANT,Existing,PCDD/F
229,EA_C_MA,POL,POL_SEF_152,TYP_COMB,FCB,COMB_RANGE,<100,FUEL,GAS,TYP_PLANT,Existing,SO2
230,EA_C_MA,POL,POL_SNF_151,TYP_COMB,FCB,COMB_RANGE,<100,FUEL,GAS,TYP_PLANT,New,SO2
231,EA_C_MA,POL,POL_SEF_152,TYP_COMB,FCB,COMB_RANGE,<100,FUEL,MIXGL,TYP_PLANT,Existing,SO2
232,EA_C_MA,POL,POL_SNF_151,TYP_COMB,FCB,COMB_RANGE,<100,FUEL,MIXGL,TYP_PLANT,New,SO2
233,EA_C_MA,POL,POL_TF_166,TYP_COMB,FCB,COMB_RANGE,<100,FUEL,GAS,TYP_PLANT,Existing,TVOC
234,EA_C_MA,POL,POL_TF_166,TYP_COMB,FCB,COMB_RANGE,<100,FUEL,GAS,TYP_PLANT,New,TVOC
235,EA_C_MA,POL,POL_TF_166,TYP_COMB,FCB,COMB_RANGE,<100,FUEL,MIXGL,TYP_PLANT,Existing,TVOC
236,EA_C_MA,POL,POL_TF_166,TYP_COMB,FCB,COMB_RANGE,<100,FUEL,MIXGL,TYP_PLANT,New,TVOC
237,EA_C_MA,POL,POL_CEF_150,TYP_COMB,FCB,COMB_RANGE,>=300,FUEL,GAS,TYP_PLANT,Existing,CO
238,EA_C_MA,POL,POL_CNF_149,TYP_COMB,FCB,COMB_RANGE,>=300,FUEL,GAS,TYP_PLANT,New,CO
239,EA_C_MA,POL,POL_CEF_150,TYP_COMB,FCB,COMB_RANGE,>=300,FUEL,MIXGL,TYP_PLANT,Existing,CO
240,EA_C_MA,POL,POL_CNF_149,TYP_COMB,FCB,COMB_RANGE,>=300,FUEL,MIXGL,TYP_PLANT,New,CO
241,EA_C_MA,POL,POL_DEF_164,TYP_COMB,FCB,COMB_RANGE,>=300,FUEL,MIXGL,TYP_PLANT,Existing,dust
242,EA_C_MA,POL,POL_DNF_163,TYP_COMB,FCB,COMB_RANGE,>=300,FUEL,MIXGL,TYP_PLANT,New,dust
243,EA_C_MA,POL,POL_HEF_156,TYP_COMB,FCB,COMB_RANGE,>=300,FUEL,MIXGL,TYP_PLANT,Existing,HCI
244,EA_C_MA,POL,POL_HEF_160,TYP_COMB,FCB,COMB_RANGE,>=300,FUEL,MIXGL,TYP_PLANT,Existing,HF
245,EA_C_MA,POL,POL_HNF_155,TYP_COMB,FCB,COMB_RANGE,>=300,FUEL,MIXGL,TYP_PLANT,New,HCI
246,EA_C_MA,POL,POL_HNF_159,TYP_COMB,FCB,COMB_RANGE,>=300,FUEL,MIXGL,TYP_PLANT,New,HF
247,EA_C_MA,POL,POL_HEF_156,TYP_COMB,FCB,COMB_RANGE,>=300,FUEL,GAS,TYP_PLANT,Existing,HCI
248,EA_C_MA,POL,POL_HEF_160,TYP_COMB,FCB,COMB_RANGE,>=300,FUEL,GAS,TYP_PLANT,Existing,HF
249,EA_C_MA,POL,POL_HNF_155,TYP_COMB,FCB,COMB_RANGE,>=300,FUEL,GAS,TYP_PLANT,New,HCI
250,EA_C_MA,POL,POL_HNF_159,TYP_COMB,FCB,COMB_RANGE,>=300,FUEL,GAS,TYP_PLANT,New,HF
251,EA_C_MA,POL,POL_NNFG_147,TYP_COMB,FCB,COMB_RANGE,>=300,FUEL,GAS,TYP_PLANT,New,NOX
252,EA_C_MA,POL,POL_NNFM_145,TYP_COMB,FCB,COMB_RANGE,>=300,FUEL,MIXGL,TYP_PLANT,New,NOX
253,EA_C_MA,POL,POL_NEFG_148,TYP_COMB,FCB,COMB_RANGE,>=300,FUEL,GAS,TYP_PLANT,Existing,NOX
254,EA_C_MA,POL,POL_NEFM_146,TYP_COMB,FCB,COMB_RANGE,>=300,FUEL,MIXGL,TYP_PLANT,Existing,NOX
255,EA_C_MA,POL,POL_PF_165,TYP_COMB,FCB,COMB_RANGE,>=300,FUEL,GAS,TYP_PLANT,New,PCDD/F
256,EA_C_MA,POL,POL_PF_165,TYP_COMB,FCB,COMB_RANGE,>=300,FUEL,MIXGL,TYP_PLANT,New,PCDD/F
257,EA_C_MA,POL,POL_PF_165,TYP_COMB,FCB,COMB_RANGE,>=300,FUEL,GAS,TYP_PLANT,Existing,PCDD/F
258,EA_C_MA,POL,POL_PF_165,TYP_COMB,FCB,COMB_RANGE,>=300,FUEL,MIXGL,TYP_PLANT,Existing,PCDD/F
259,EA_C_MA,POL,POL_SEF_152,TYP_COMB,FCB,COMB_RANGE,>=300,FUEL,GAS,TYP_PLANT,Existing,SO2
260,EA_C_MA,POL,POL_SNF_151,TYP_COMB,FCB,COMB_RANGE,>=300,FUEL,GAS,TYP_PLANT,New,SO2
261,EA_C_MA,POL,POL_SEF_152,TYP_COMB,FCB,COMB_RANGE,>=300,FUEL,MIXGL,TYP_PLANT,Existing,SO2
262,EA_C_MA,POL,POL_SNF_151,TYP_COMB,FCB,COMB_RANGE,>=300,FUEL,MIXGL,TYP_PLANT,New,SO2
263,EA_C_MA,POL,POL_TF_166,TYP_COMB,FCB,COMB_RANGE,>=300,FUEL,GAS,TYP_PLANT,Existing,TVOC
264,EA_C_MA,POL,POL_TF_166,TYP_COMB,FCB,COMB_RANGE,>=300,FUEL,GAS,TYP_PLANT,New,TVOC
265,EA_C_MA,POL,POL_TF_166,TYP_COMB,FCB,COMB_RANGE,>=300,FUEL,MIXGL,TYP_PLANT,Existing,TVOC
266,EA_C_MA,POL,POL_TF_166,TYP_COMB,FCB,COMB_RANGE,>=300,FUEL,MIXGL,TYP_PLANT,New,TVOC
267,EA_C_MA,POL,POL_CEF_150,TYP_COMB,FCB,COMB_RANGE,100-300,FUEL,GAS,TYP_PLANT,Existing,CO
268,EA_C_MA,POL,POL_CNF_149,TYP_COMB,FCB,COMB_RANGE,100-300,FUEL,GAS,TYP_PLANT,New,CO
269,EA_C_MA,POL,POL_CEF_150,TYP_COMB,FCB,COMB_RANGE,100-300,FUEL,MIXGL,TYP_PLANT,Existing,CO
270,EA_C_MA,POL,POL_CNF_149,TYP_COMB,FCB,COMB_RANGE,100-300,FUEL,MIXGL,TYP_PLANT,New,CO
271,EA_C_MA,POL,POL_DEF_162,TYP_COMB,FCB,COMB_RANGE,100-300,FUEL,MIXGL,TYP_PLANT,Existing,dust
272,EA_C_MA,POL,POL_DNF_161,TYP_COMB,FCB,COMB_RANGE,100-300,FUEL,MIXGL,TYP_PLANT,New,dust
273,EA_C_MA,POL,POL_HEF_156,TYP_COMB,FCB,COMB_RANGE,100-300,FUEL,MIXGL,TYP_PLANT,Existing,HCI
274,EA_C_MA,POL,POL_HEF_160,TYP_COMB,FCB,COMB_RANGE,100-300,FUEL,MIXGL,TYP_PLANT,Existing,HF
275,EA_C_MA,POL,POL_HNF_155,TYP_COMB,FCB,COMB_RANGE,100-300,FUEL,MIXGL,TYP_PLANT,New,HCI
276,EA_C_MA,POL,POL_HNF_159,TYP_COMB,FCB,COMB_RANGE,100-300,FUEL,MIXGL,TYP_PLANT,New,HF
277,EA_C_MA,POL,POL_HEF_156,TYP_COMB,FCB,COMB_RANGE,100-300,FUEL,GAS,TYP_PLANT,Existing,HCI
278,EA_C_MA,POL,POL_HEF_160,TYP_COMB,FCB,COMB_RANGE,100-300,FUEL,GAS,TYP_PLANT,Existing,HF
279,EA_C_MA,POL,POL_HNF_155,TYP_COMB,FCB,COMB_RANGE,100-300,FUEL,GAS,TYP_PLANT,New,HCI
280,EA_C_MA,POL,POL_HNF_159,TYP_COMB,FCB,COMB_RANGE,100-300,FUEL,GAS,TYP_PLANT,New,HF
281,EA_C_MA,POL,POL_NNFG_147,TYP_COMB,FCB,COMB_RANGE,100-300,FUEL,GAS,TYP_PLANT,New,NOX
282,EA_C_MA,POL,POL_NNFM_145,TYP_COMB,FCB,COMB_RANGE,100-300,FUEL,MIXGL,TYP_PLANT,New,NOX
283,EA_C_MA,POL,POL_NEFG_148,TYP_COMB,FCB,COMB_RANGE,100-300,FUEL,GAS,TYP_PLANT,Existing,NOX
284,EA_C_MA,POL,POL_NEFM_146,TYP_COMB,FCB,COMB_RANGE,100-300,FUEL,MIXGL,TYP_PLANT,Existing,NOX
285,EA_C_MA,POL,POL_PF_165,TYP_COMB,FCB,COMB_RANGE,100-300,FUEL,GAS,TYP_PLANT,New,PCDD/F
286,EA_C_MA,POL,POL_PF_165,TYP_COMB,FCB,COMB_RANGE,100-300,FUEL,MIXGL,TYP_PLANT,New,PCDD/F
287,EA_C_MA,POL,POL_PF_165,TYP_COMB,FCB,COMB_RANGE,100-300,FUEL,GAS,TYP_PLANT,Existing,PCDD/F
288,EA_C_MA,POL,POL_PF_165,TYP_COMB,FCB,COMB_RANGE,100-300,FUEL,MIXGL,TYP_PLANT,Existing,PCDD/F
289,EA_C_MA,POL,POL_SEF_152,TYP_COMB,FCB,COMB_RANGE,100-300,FUEL,GAS,TYP_PLANT,Existing,SO2
290,EA_C_MA,POL,POL_SNF_151,TYP_COMB,FCB,COMB_RANGE,100-300,FUEL,GAS,TYP_PLANT,New,SO2
291,EA_C_MA,POL,POL_SEF_152,TYP_COMB,FCB,COMB_RANGE,100-300,FUEL,MIXGL,TYP_PLANT,Existing,SO2
292,EA_C_MA,POL,POL_SNF_151,TYP_COMB,FCB,COMB_RANGE,100-300,FUEL,MIXGL,TYP_PLANT,New,SO2
293,EA_C_MA,POL,POL_TF_166,TYP_COMB,FCB,COMB_RANGE,100-300,FUEL,GAS,TYP_PLANT,Existing,TVOC
294,EA_C_MA,POL,POL_TF_166,TYP_COMB,FCB,COMB_RANGE,100-300,FUEL,GAS,TYP_PLANT,New,TVOC
295,EA_C_MA,POL,POL_TF_166,TYP_COMB,FCB,COMB_RANGE,100-300,FUEL,MIXGL,TYP_PLANT,Existing,TVOC
296,EA_C_MA,POL,POL_TF_166,TYP_COMB,FCB,COMB_RANGE,100-300,FUEL,MIXGL,TYP_PLANT,New,TVOC
297,EA_C_MA,POL,POL_CEGG_144,TYP_COMB,GFGT,TYP_PLANT,Existing,,,,,CO
298,EA_C_MA,POL,POL_CNGG_143,TYP_COMB,GFGT,TYP_PLANT,New,,,,,CO
299,EA_C_MA,POL,POL_NEGG_142,TYP_COMB,GFGT,TYP_PLANT,Existing,,,,,NOX
300,EA_C_MA,POL,POL_NNGG_141,TYP_COMB,GFGT,TYP_PLANT,New,,,,,NOX
301,EA_C_MA,POL,POL_DEG_112,TYP_COMB,GOGT,TYP_PLANT,Existing,,,,,dust
302,EA_C_MA,POL,POL_DNG_111,TYP_COMB,GOGT,TYP_PLANT,New,,,,,dust
303,EA_C_MA,POL,POL_SEG_110,TYP_COMB,GOGT,TYP_PLANT,Existing,,,,,SO2
304,EA_C_MA,POL,POL_SNG_109,TYP_COMB,GOGT,TYP_PLANT,New,,,,,SO2
305,EA_C_MA,POL,POL_CEH_90,TYP_COMB,HGOB,COMB_RANGE,<100,TYP_PLANT,Existing,,,CO
306,EA_C_MA,POL,POL_CEH_92,TYP_COMB,HGOB,COMB_RANGE,100-300,TYP_PLANT,Existing,,,CO
307,EA_C_MA,POL,POL_CEH_92,TYP_COMB,HGOB,COMB_RANGE,>=300,TYP_PLANT,Existing,,,CO
308,EA_C_MA,POL,POL_CNH_89,TYP_COMB,HGOB,COMB_RANGE,<100,TYP_PLANT,New,,,CO
309,EA_C_MA,POL,POL_CNH_91,TYP_COMB,HGOB,COMB_RANGE,100-300,TYP_PLANT,New,,,CO
310,EA_C_MA,POL,POL_CNH_91,TYP_COMB,HGOB,COMB_RANGE,>=300,TYP_PLANT,New,,,CO
311,EA_C_MA,POL,POL_DEH_100,TYP_COMB,HGOB,COMB_RANGE,<100,TYP_PLANT,Existing,,,dust
312,EA_C_MA,POL,POL_DEH_100,TYP_COMB,HGOB,COMB_RANGE,100-300,TYP_PLANT,Existing,,,dust
313,EA_C_MA,POL,POL_DEH_98,TYP_COMB,HGOB,COMB_RANGE,>=300,TYP_PLANT,Existing,,,dust
314,EA_C_MA,POL,POL_DNH_97,TYP_COMB,HGOB,COMB_RANGE,<100,TYP_PLANT,New,,,dust
315,EA_C_MA,POL,POL_DNH_97,TYP_COMB,HGOB,COMB_RANGE,100-300,TYP_PLANT,New,,,dust
316,EA_C_MA,POL,POL_DNH_99,TYP_COMB,HGOB,COMB_RANGE,>=300,TYP_PLANT,New,,,dust
317,EA_C_MA,POL,POL_NEH_86,TYP_COMB,HGOB,COMB_RANGE,<100,TYP_PLANT,Existing,,,NOX
318,EA_C_MA,POL,POL_NEH_88,TYP_COMB,HGOB,COMB_RANGE,100-300,TYP_PLANT,Existing,,,NOX
319,EA_C_MA,POL,POL_NEH_88,TYP_COMB,HGOB,COMB_RANGE,>=300,TYP_PLANT,Existing,,,NOX
320,EA_C_MA,POL,POL_NNH_85,TYP_COMB,HGOB,COMB_RANGE,<100,TYP_PLANT,New,,,NOX
321,EA_C_MA,POL,POL_NNH_87,TYP_COMB,HGOB,COMB_RANGE,100-300,TYP_PLANT,New,,,NOX
322,EA_C_MA,POL,POL_NNH_87,TYP_COMB,HGOB,COMB_RANGE,>=300,TYP_PLANT,New,,,NOX
323,EA_C_MA,POL,POL_SEH_94,TYP_COMB,HGOB,COMB_RANGE,<100,TYP_PLANT,Existing,,,SO2
324,EA_C_MA,POL,POL_SEH_94,TYP_COMB,HGOB,COMB_RANGE,100-300,TYP_PLANT,Existing,,,SO2
325,EA_C_MA,POL,POL_SEH_96,TYP_COMB,HGOB,COMB_RANGE,>=300,TYP_PLANT,Existing,,,SO2
326,EA_C_MA,POL,POL_SNH_93,TYP_COMB,HGOB,COMB_RANGE,<100,TYP_PLANT,New,,,SO2
327,EA_C_MA,POL,POL_SNH_93,TYP_COMB,HGOB,COMB_RANGE,100-300,TYP_PLANT,New,,,SO2
328,EA_C_MA,POL,POL_SNH_95,TYP_COMB,HGOB,COMB_RANGE,>=300,TYP_PLANT,New,,,SO2
329,EA_C_MA,POL,POL_CEH_104,TYP_COMB,HGORE,COMB_RANGE,<50,TYP_PLANT,Existing,,,CO
330,EA_C_MA,POL,POL_CNH_103,TYP_COMB,HGORE,COMB_RANGE,>=50,TYP_PLANT,New,,,CO
333,EA_C_MA,POL,POL_DEH_108,TYP_COMB,HGORE,COMB_RANGE,>=50,TYP_PLANT,Existing,,,dust
334,EA_C_MA,POL,POL_DNH_107,TYP_COMB,HGORE,COMB_RANGE,>=50,TYP_PLANT,New,,,dust
335,EA_C_MA,POL,POL_NEH_102,TYP_COMB,HGORE,COMB_RANGE,>=50,TYP_PLANT,Existing,,,NOX
336,EA_C_MA,POL,POL_NNH_101,TYP_COMB,HGORE,COMB_RANGE,>=50,TYP_PLANT,New,,,NOX
337,EA_C_MA,POL,POL_SEH_106,TYP_COMB,HGORE,COMB_RANGE,<50,TYP_PLANT,Existing,,,SO2
338,EA_C_MA,POL,POL_SNH_105,TYP_COMB,HGORE,COMB_RANGE,>=50,TYP_PLANT,New,,,SO2
341,EA_C_MA,POL,POL_CEIB_130,TYP_COMB,IRONSTG,COMB_UNIT,BOILER,TYP_PLANT,Existing,,,CO
342,EA_C_MA,POL,POL_CEIC_132,TYP_COMB,IRONSTG,COMB_UNIT,CCGT,TYP_PLANT,Existing,,,CO
343,EA_C_MA,POL,POL_CNIB_129,TYP_COMB,IRONSTG,COMB_UNIT,BOILER,TYP_PLANT,New,,,CO
344,EA_C_MA,POL,POL_CNIC_131,TYP_COMB,IRONSTG,COMB_UNIT,CCGT,TYP_PLANT,New,,,CO
345,EA_C_MA,POL,POL_DEIB_138,TYP_COMB,IRONSTG,COMB_UNIT,BOILER,TYP_PLANT,Existing,,,dust
346,EA_C_MA,POL,POL_DEIC_140,TYP_COMB,IRONSTG,COMB_UNIT,CCGT,TYP_PLANT,Existing,,,dust
347,EA_C_MA,POL,POL_DNIB_137,TYP_COMB,IRONSTG,COMB_UNIT,BOILER,TYP_PLANT,New,,,dust
348,EA_C_MA,POL,POL_DNIC_139,TYP_COMB,IRONSTG,COMB_UNIT,CCGT,TYP_PLANT,New,,,dust
349,EA_C_MA,POL,POL_NEIB_126,TYP_COMB,IRONSTG,COMB_UNIT,BOILER,TYP_PLANT,Existing,,,NOX
350,EA_C_MA,POL,POL_NEIC_128,TYP_COMB,IRONSTG,COMB_UNIT,CCGT,TYP_PLANT,Existing,,,NOX
351,EA_C_MA,POL,POL_NNIB_125,TYP_COMB,IRONSTG,COMB_UNIT,BOILER,TYP_PLANT,New,,,NOX
352,EA_C_MA,POL,POL_NNIC_127,TYP_COMB,IRONSTG,COMB_UNIT,CCGT,TYP_PLANT,New,,,NOX
353,EA_C_MA,POL,POL_SEIB_134,TYP_COMB,IRONSTG,COMB_UNIT,BOILER,TYP_PLANT,Existing,,,SO2
354,EA_C_MA,POL,POL_SEIC_136,TYP_COMB,IRONSTG,COMB_UNIT,CCGT,TYP_PLANT,Existing,,,SO2
355,EA_C_MA,POL,POL_SNIB_133,TYP_COMB,IRONSTG,COMB_UNIT,BOILER,TYP_PLANT,New,,,SO2
356,EA_C_MA,POL,POL_SNIC_135,TYP_COMB,IRONSTG,COMB_UNIT,CCGT,TYP_PLANT,New,,,SO2
357,EA_C_MA,POL,POL_CENB_118,TYP_COMB,NGGT,COMB_UNIT,BOILER,TYP_PLANT,Existing,,,CO
358,EA_C_MA,POL,POL_CENE_120,TYP_COMB,NGGT,COMB_UNIT,ENGINE,TYP_PLANT,Existing,,,CO
359,EA_C_MA,POL,POL_CNNB_117,TYP_COMB,NGGT,COMB_UNIT,BOILER,TYP_PLANT,New,,,CO
360,EA_C_MA,POL,POL_CNNE_119,TYP_COMB,NGGT,COMB_UNIT,ENGINE,TYP_PLANT,New,,,CO
361,EA_C_MA,POL,POL_NENB_114,TYP_COMB,NGGT,COMB_UNIT,BOILER,TYP_PLANT,Existing,,,NOX
362,EA_C_MA,POL,POL_NENE_116,TYP_COMB,NGGT,COMB_UNIT,ENGINE,TYP_PLANT,Existing,,,NOX
363,EA_C_MA,POL,POL_NNNB_113,TYP_COMB,NGGT,COMB_UNIT,BOILER,TYP_PLANT,New,,,NOX
364,EA_C_MA,POL,POL_NNNE_115,TYP_COMB,NGGT,COMB_UNIT,ENGINE,TYP_PLANT,New,,,NOX
365,EA_C_MA,POL,POL_CEN_122,TYP_COMB,NGSL,COMB_RANGE,>=50,TYP_PLANT,Existing,,,CH4
366,EA_C_MA,POL,POL_CNN_121,TYP_COMB,NGSL,COMB_RANGE,>=50,TYP_PLANT,New,,,CH4
367,EA_C_MA,POL,POL_FEN_124,TYP_COMB,NGSL,COMB_RANGE,>=50,TYP_PLANT,Existing,,,Formaldehyde
368,EA_C_MA,POL,POL_FNN_123,TYP_COMB,NGSL,COMB_RANGE,>=50,TYP_PLANT,New,,,Formaldehyde
369,EA_C_MA,POL,POL_CES_54,TYP_COMB,SBIOP,COMB_RANGE,<100,TYP_PLANT,Existing,,,CO
370,EA_C_MA,POL,POL_CES_56,TYP_COMB,SBIOP,COMB_RANGE,100-300,TYP_PLANT,Existing,,,CO
371,EA_C_MA,POL,POL_CES_58,TYP_COMB,SBIOP,COMB_RANGE,>=300,TYP_PLANT,Existing,,,CO
372,EA_C_MA,POL,POL_CNS_53,TYP_COMB,SBIOP,COMB_RANGE,<100,TYP_PLANT,New,,,CO
373,EA_C_MA,POL,POL_CNS_55,TYP_COMB,SBIOP,COMB_RANGE,100-300,TYP_PLANT,New,,,CO
374,EA_C_MA,POL,POL_CNS_57,TYP_COMB,SBIOP,COMB_RANGE,>=300,TYP_PLANT,New,,,CO
375,EA_C_MA,POL,POL_DES_78,TYP_COMB,SBIOP,COMB_RANGE,<100,TYP_PLANT,Existing,,,dust
376,EA_C_MA,POL,POL_DES_80,TYP_COMB,SBIOP,COMB_RANGE,100-300,TYP_PLANT,Existing,,,dust
377,EA_C_MA,POL,POL_DES_82,TYP_COMB,SBIOP,COMB_RANGE,>=300,TYP_PLANT,Existing,,,dust
378,EA_C_MA,POL,POL_DNS_77,TYP_COMB,SBIOP,COMB_RANGE,<100,TYP_PLANT,New,,,dust
379,EA_C_MA,POL,POL_DNS_79,TYP_COMB,SBIOP,COMB_RANGE,100-300,TYP_PLANT,New,,,dust
380,EA_C_MA,POL,POL_DNS_81,TYP_COMB,SBIOP,COMB_RANGE,>=300,TYP_PLANT,New,,,dust
381,EA_C_MA,POL,POL_HES_66,TYP_COMB,SBIOP,COMB_RANGE,<100,TYP_PLANT,Existing,,,HCI
382,EA_C_MA,POL,POL_HES_68,TYP_COMB,SBIOP,COMB_RANGE,100-300,TYP_PLANT,Existing,,,HCI
383,EA_C_MA,POL,POL_HES_70,TYP_COMB,SBIOP,COMB_RANGE,>=300,TYP_PLANT,Existing,,,HCI
384,EA_C_MA,POL,POL_HES_72,TYP_COMB,SBIOP,COMB_RANGE,<100,TYP_PLANT,Existing,,,HIF
385,EA_C_MA,POL,POL_HES_74,TYP_COMB,SBIOP,COMB_RANGE,100-300,TYP_PLANT,Existing,,,HIF
386,EA_C_MA,POL,POL_HES_76,TYP_COMB,SBIOP,COMB_RANGE,>=300,TYP_PLANT,Existing,,,HIF
387,EA_C_MA,POL,POL_HNS_65,TYP_COMB,SBIOP,COMB_RANGE,<100,TYP_PLANT,New,,,HCI
388,EA_C_MA,POL,POL_HNS_67,TYP_COMB,SBIOP,COMB_RANGE,100-300,TYP_PLANT,New,,,HCI
389,EA_C_MA,POL,POL_HNS_69,TYP_COMB,SBIOP,COMB_RANGE,>=300,TYP_PLANT,New,,,HCI
390,EA_C_MA,POL,POL_HNS_71,TYP_COMB,SBIOP,COMB_RANGE,<100,TYP_PLANT,New,,,HIF
391,EA_C_MA,POL,POL_HNS_73,TYP_COMB,SBIOP,COMB_RANGE,100-300,TYP_PLANT,New,,,HIF
392,EA_C_MA,POL,POL_HNS_75,TYP_COMB,SBIOP,COMB_RANGE,>=300,TYP_PLANT,New,,,HIF
393,EA_C_MA,POL,POL_MES_84,TYP_COMB,SBIOP,COMB_RANGE,<100,TYP_PLANT,Existing,,,Mercury
394,EA_C_MA,POL,POL_MES_84,TYP_COMB,SBIOP,COMB_RANGE,100-300,TYP_PLANT,Existing,,,Mercury
395,EA_C_MA,POL,POL_MES_84,TYP_COMB,SBIOP,COMB_RANGE,>=300,TYP_PLANT,Existing,,,Mercury
396,EA_C_MA,POL,POL_MNS_83,TYP_COMB,SBIOP,COMB_RANGE,<100,TYP_PLANT,New,,,Mercury
397,EA_C_MA,POL,POL_MNS_83,TYP_COMB,SBIOP,COMB_RANGE,100-300,TYP_PLANT,New,,,Mercury
398,EA_C_MA,POL,POL_MNS_83,TYP_COMB,SBIOP,COMB_RANGE,>=300,TYP_PLANT,New,,,Mercury
399,EA_C_MA,POL,POL_NES_48,TYP_COMB,SBIOP,COMB_RANGE,<100,TYP_PLANT,Existing,,,NOX
400,EA_C_MA,POL,POL_NES_50,TYP_COMB,SBIOP,COMB_RANGE,100-300,TYP_PLANT,Existing,,,NOX
401,EA_C_MA,POL,POL_NES_52,TYP_COMB,SBIOP,COMB_RANGE,>=300,TYP_PLANT,Existing,,,NOX
402,EA_C_MA,POL,POL_NNS_47,TYP_COMB,SBIOP,COMB_RANGE,<100,TYP_PLANT,New,,,NOX
403,EA_C_MA,POL,POL_NNS_49,TYP_COMB,SBIOP,COMB_RANGE,100-300,TYP_PLANT,New,,,NOX
404,EA_C_MA,POL,POL_NNS_51,TYP_COMB,SBIOP,COMB_RANGE,>=300,TYP_PLANT,New,,,NOX
405,EA_C_MA,POL,POL_SES_60,TYP_COMB,SBIOP,COMB_RANGE,<100,TYP_PLANT,Existing,,,SO2
406,EA_C_MA,POL,POL_SES_62,TYP_COMB,SBIOP,COMB_RANGE,100-300,TYP_PLANT,Existing,,,SO2
407,EA_C_MA,POL,POL_SES_64,TYP_COMB,SBIOP,COMB_RANGE,>=300,TYP_PLANT,Existing,,,SO2
408,EA_C_MA,POL,POL_SNS_59,TYP_COMB,SBIOP,COMB_RANGE,<100,TYP_PLANT,New,,,SO2
409,EA_C_MA,POL,POL_SNS_61,TYP_COMB,SBIOP,COMB_RANGE,100-300,TYP_PLANT,New,,,SO2
410,EA_C_MA,POL,POL_SNS_63,TYP_COMB,SBIOP,COMB_RANGE,>=300,TYP_PLANT,New,,,SO2
411,EA_C_MIS,BIO,BIO_EIA,REGULAR,,,,,,,,
412,EA_C_MIS,BIO,BIO_LBS,REGULAR,,,,,,,,
413,EA_C_MIS,CEC,CEC,NA,,,,,,,,
414,EA_C_MIS,WAT,WAT_EIA,REGULAR,,,,,,,,
415,EA_C_MIS,CCA,ADS,REGULAR,,,,,,,,
416,EA_C_MIS,CCA,ADS_ASM,REGULAR,,,,,,,,
417,EA_C_MIS,CCA,ADS_DNSH,REGULAR,,,,,,,,
418,EA_C_MIS,CCA,ADS_EXAST,REGULAR,,,,,,,,
419,EA_C_MIS,CCA,ADS_MEAS,REGULAR,,,,,,,,
420,EA_C_MIS,CCA,ADS_NBS,REGULAR,,,,,,,,
421,EA_C_MIS,CCA,ADS_NEWAST,REGULAR,,,,,,,,
422,EA_C_MIS,CCA,ADS_RES,REGULAR,,,,,,,,
423,EA_C_MIS,CCA,ADS_STRG,REGULAR,,,,,,,,
424,EA_C_MIS,CCA,CP_BP,REGULAR,,,,,,,,
425,EA_C_MIS,CCA,CVA_OTR,REGULAR,,,,,,,,
426,EA_C_MIS,CCA,CVA_SCALE10,REGULAR,,,,,,,,
427,EA_C_MIS,CCA,RISK,REGULAR,,,,,,,,
428,EA_C_MIS,CCA,RISK_MAT,REGULAR,,,,,,,,
429,EA_C_MIS,CCA,RISK_SCREEN,REGULAR,,,,,,,,
430,EA_C_MIS,CCM,ADS,REGULAR,,,,,,,,
431,EA_C_MIS,CCM,ADS_ASM,REGULAR,,,,,,,,
432,EA_C_MIS,CCM,ADS_EXAST,REGULAR,,,,,,,,
433,EA_C_MIS,CCM,ADS_NBS,REGULAR,,,,,,,,
434,EA_C_MIS,CCM,ADS_NEWAST,REGULAR,,,,,,,,
435,EA_C_MIS,CCM,ADS_RES,REGULAR,,,,,,,,
436,EA_C_MIS,CCM,ADS_STRG,REGULAR,,,,,,,,
437,EA_C_MIS,CCM,CP_BP,REGULAR,,,,,,,,
438,EA_C_MIS,CCM,CVA_OTR,REGULAR,,,,,,,,
439,EA_C_MIS,CCM,CVA_SCALE10,REGULAR,,,,,,,,
440,EA_C_MIS,CCM,RISK,REGULAR,,,,,,,,
441,EA_C_MIS,CCM,RISK_MAT,REGULAR,,,,,,,,
442,EA_C_MIS,CCM,RISK_SCREEN,REGULAR,,,,,,,,
443,EA_C_MIS,CCM,COK,REGULAR,,,,,,,,
444,EA_C_MIS,CCM,CST,REGULAR,,,,,,,,
445,EA_C_MIS,CCM,HAS,REGULAR,,,,,,,,
446,EA_C_MIS,CCM,HMT,REGULAR,,,,,,,,
447,EA_C_MIS,CCM,STO,REGULAR,,,,,,,,
448,EA_C_MIS,CCM,EFA,REGULAR,,,,,,,,
449,EA_C_MIS,CCM,EFC,REGULAR,,,,,,,,
450,EA_C_MIS,POL,POL_MEL_42,TYP_COMB,LIGNITE,COMB_RANGE,<100,COMB_UNIT,All Types,TYP_PLANT,Existing,Mercury
451,EA_C_MIS,POL,POL_CECF_12,TYP_COMB,LIGNITE,COMB_RANGE,>=1000,COMB_UNIT,FLBOL,TYP_PLANT,Existing,CO
452,EA_C_MIS,POL,POL_MNL_41,TYP_COMB,LIGNITE,COMB_RANGE,<100,COMB_UNIT,All Types,TYP_PLANT,New,Mercury
453,EA_C_MIS,POL,POL_CNCF_11,TYP_COMB,LIGNITE,COMB_RANGE,>=1000,COMB_UNIT,FLBOL,TYP_PLANT,New,CO
454,EA_C_MIS,POL,POL_CEC_10,TYP_COMB,LIGNITE,COMB_RANGE,<100,COMB_UNIT,All Types,TYP_PLANT,Existing,CO
455,EA_C_MIS,POL,POL_CEC_10,TYP_COMB,LIGNITE,COMB_RANGE,100-300,COMB_UNIT,All Types,TYP_PLANT,Existing,CO
456,EA_C_MIS,POL,POL_CECF_12,TYP_COMB,LIGNITE,COMB_RANGE,300-1000,COMB_UNIT,FLBOL,TYP_PLANT,Existing,CO
457,EA_C_MIS,POL,POL_CNC_9,TYP_COMB,LIGNITE,COMB_RANGE,<100,COMB_UNIT,All Types,TYP_PLANT,New,CO
458,EA_C_MIS,POL,POL_CNC_9,TYP_COMB,LIGNITE,COMB_RANGE,100-300,COMB_UNIT,All Types,TYP_PLANT,New,CO
459,EA_C_MIS,POL,POL_CNCF_11,TYP_COMB,LIGNITE,COMB_RANGE,300-1000,COMB_UNIT,FLBOL,TYP_PLANT,New,CO
460,EA_C_MIS,POL,POL_DEC_32,TYP_COMB,LIGNITE,COMB_RANGE,<100,COMB_UNIT,All Types,TYP_PLANT,Existing,dust
461,EA_C_MIS,POL,POL_DEC_34,TYP_COMB,LIGNITE,COMB_RANGE,100-300,COMB_UNIT,All Types,TYP_PLANT,Existing,dust
462,EA_C_MIS,POL,POL_DEC_38,TYP_COMB,LIGNITE,COMB_RANGE,>=1000,COMB_UNIT,PCBOL,TYP_PLANT,Existing,dust
463,EA_C_MIS,POL,POL_DNC_37,TYP_COMB,LIGNITE,COMB_RANGE,>=1000,COMB_UNIT,PCBOL,TYP_PLANT,New,dust
464,EA_C_MIS,POL,POL_DNC_31,TYP_COMB,LIGNITE,COMB_RANGE,<100,COMB_UNIT,All Types,TYP_PLANT,New,dust
465,EA_C_MIS,POL,POL_DNC_33,TYP_COMB,LIGNITE,COMB_RANGE,100-300,COMB_UNIT,All Types,TYP_PLANT,New,dust
466,EA_C_MIS,POL,POL_DEC_36,TYP_COMB,LIGNITE,COMB_RANGE,300-1000,COMB_UNIT,PCBOL,TYP_PLANT,Existing,dust
467,EA_C_MIS,POL,POL_DNC_35,TYP_COMB,LIGNITE,COMB_RANGE,300-1000,COMB_UNIT,PCBOL,TYP_PLANT,New,dust
468,EA_C_MIS,POL,POL_HEC_24,TYP_COMB,LIGNITE,COMB_RANGE,<100,COMB_UNIT,All Types,TYP_PLANT,Existing,HCI
469,EA_C_MIS,POL,POL_HEC_26,TYP_COMB,LIGNITE,COMB_RANGE,100-300,COMB_UNIT,All Types,TYP_PLANT,Existing,HCI
470,EA_C_MIS,POL,POL_HEC_26,TYP_COMB,LIGNITE,COMB_RANGE,>=1000,COMB_UNIT,PCBOL,TYP_PLANT,Existing,HCI
471,EA_C_MIS,POL,POL_HEC_28,TYP_COMB,LIGNITE,COMB_RANGE,<100,COMB_UNIT,All Types,TYP_PLANT,Existing,HIF
472,EA_C_MIS,POL,POL_HEC_30,TYP_COMB,LIGNITE,COMB_RANGE,100-300,COMB_UNIT,All Types,TYP_PLANT,Existing,HIF
473,EA_C_MIS,POL,POL_HNC_25,TYP_COMB,LIGNITE,COMB_RANGE,>=1000,COMB_UNIT,PCBOL,TYP_PLANT,New,HCI
474,EA_C_MIS,POL,POL_HNC_23,TYP_COMB,LIGNITE,COMB_RANGE,<100,COMB_UNIT,All Types,TYP_PLANT,New,HCI
475,EA_C_MIS,POL,POL_HNC_25,TYP_COMB,LIGNITE,COMB_RANGE,100-300,COMB_UNIT,All Types,TYP_PLANT,New,HCI
476,EA_C_MIS,POL,POL_HEC_26,TYP_COMB,LIGNITE,COMB_RANGE,300-1000,COMB_UNIT,PCBOL,TYP_PLANT,Existing,HCI
477,EA_C_MIS,POL,POL_HNC_27,TYP_COMB,LIGNITE,COMB_RANGE,<100,COMB_UNIT,All Types,TYP_PLANT,New,HIF
478,EA_C_MIS,POL,POL_HNC_29,TYP_COMB,LIGNITE,COMB_RANGE,100-300,COMB_UNIT,All Types,TYP_PLANT,New,HIF
479,EA_C_MIS,POL,POL_HNC_25,TYP_COMB,LIGNITE,COMB_RANGE,300-1000,COMB_UNIT,PCBOL,TYP_PLANT,New,HCI
480,EA_C_MIS,POL,POL_NEC_2,TYP_COMB,LIGNITE,COMB_RANGE,<100,COMB_UNIT,All Types,TYP_PLANT,Existing,NOX
481,EA_C_MIS,POL,POL_NEC_4,TYP_COMB,LIGNITE,COMB_RANGE,100-300,COMB_UNIT,All Types,TYP_PLANT,Existing,NOX
482,EA_C_MIS,POL,POL_HEC_30,TYP_COMB,LIGNITE,COMB_RANGE,>=1000,COMB_UNIT,PCBOL,TYP_PLANT,Existing,HIF
483,EA_C_MIS,POL,POL_NNC_1,TYP_COMB,LIGNITE,COMB_RANGE,<100,COMB_UNIT,All Types,TYP_PLANT,New,NOX
484,EA_C_MIS,POL,POL_NNC_3,TYP_COMB,LIGNITE,COMB_RANGE,100-300,COMB_UNIT,All Types,TYP_PLANT,New,NOX
485,EA_C_MIS,POL,POL_HNC_29,TYP_COMB,LIGNITE,COMB_RANGE,>=1000,COMB_UNIT,PCBOL,TYP_PLANT,New,HIF
486,EA_C_MIS,POL,POL_SEC_16,TYP_COMB,LIGNITE,COMB_RANGE,<100,COMB_UNIT,All Types,TYP_PLANT,Existing,SO2
487,EA_C_MIS,POL,POL_SEC_18,TYP_COMB,LIGNITE,COMB_RANGE,100-300,COMB_UNIT,All Types,TYP_PLANT,Existing,SO2
488,EA_C_MIS,POL,POL_HEC_30,TYP_COMB,LIGNITE,COMB_RANGE,300-1000,COMB_UNIT,PCBOL,TYP_PLANT,Existing,HIF
489,EA_C_MIS,POL,POL_HNC_29,TYP_COMB,LIGNITE,COMB_RANGE,300-1000,COMB_UNIT,PCBOL,TYP_PLANT,New,HIF
490,EA_C_MIS,POL,POL_SNC_15,TYP_COMB,LIGNITE,COMB_RANGE,<100,COMB_UNIT,All Types,TYP_PLANT,New,SO2
491,EA_C_MIS,POL,POL_SNC_17,TYP_COMB,LIGNITE,COMB_RANGE,100-300,COMB_UNIT,All Types,TYP_PLANT,New,SO2
492,EA_C_MIS,POL,POL_MEL_46,TYP_COMB,LIGNITE,COMB_RANGE,>=1000,COMB_UNIT,PCBOL,TYP_PLANT,Existing,Mercury
493,EA_C_MIS,POL,POL_MNL_45,TYP_COMB,LIGNITE,COMB_RANGE,>=1000,COMB_UNIT,PCBOL,TYP_PLANT,New,Mercury
494,EA_C_MIS,POL,POL_MEL_46,TYP_COMB,LIGNITE,COMB_RANGE,300-1000,COMB_UNIT,PCBOL,TYP_PLANT,Existing,Mercury
495,EA_C_MIS,POL,POL_MNL_45,TYP_COMB,LIGNITE,COMB_RANGE,300-1000,COMB_UNIT,PCBOL,TYP_PLANT,New,Mercury
496,EA_C_MIS,POL,POL_DEC_38,TYP_COMB,LIGNITE,COMB_RANGE,>=1000,COMB_UNIT,FLBOL,TYP_PLANT,Existing,dust
497,EA_C_MIS,POL,POL_DNC_37,TYP_COMB,LIGNITE,COMB_RANGE,>=1000,COMB_UNIT,FLBOL,TYP_PLANT,New,dust
498,EA_C_MIS,POL,POL_DEC_36,TYP_COMB,LIGNITE,COMB_RANGE,300-1000,COMB_UNIT,FLBOL,TYP_PLANT,Existing,dust
499,EA_C_MIS,POL,POL_DNC_35,TYP_COMB,LIGNITE,COMB_RANGE,300-1000,COMB_UNIT,FLBOL,TYP_PLANT,New,dust
500,EA_C_MIS,POL,POL_HEC_26,TYP_COMB,LIGNITE,COMB_RANGE,>=1000,COMB_UNIT,FLBOL,TYP_PLANT,Existing,HCI
501,EA_C_MIS,POL,POL_HNC_25,TYP_COMB,LIGNITE,COMB_RANGE,>=1000,COMB_UNIT,FLBOL,TYP_PLANT,New,HCI
502,EA_C_MIS,POL,POL_HEC_26,TYP_COMB,LIGNITE,COMB_RANGE,300-1000,COMB_UNIT,FLBOL,TYP_PLANT,Existing,HCI
503,EA_C_MIS,POL,POL_HNC_25,TYP_COMB,LIGNITE,COMB_RANGE,300-1000,COMB_UNIT,FLBOL,TYP_PLANT,New,HCI
504,EA_C_MIS,POL,POL_HEC_30,TYP_COMB,LIGNITE,COMB_RANGE,>=1000,COMB_UNIT,FLBOL,TYP_PLANT,Existing,HIF
505,EA_C_MIS,POL,POL_HNC_29,TYP_COMB,LIGNITE,COMB_RANGE,>=1000,COMB_UNIT,FLBOL,TYP_PLANT,New,HIF
506,EA_C_MIS,POL,POL_HEC_30,TYP_COMB,LIGNITE,COMB_RANGE,300-1000,COMB_UNIT,FLBOL,TYP_PLANT,Existing,HIF
507,EA_C_MIS,POL,POL_HNC_29,TYP_COMB,LIGNITE,COMB_RANGE,300-1000,COMB_UNIT,FLBOL,TYP_PLANT,New,HIF
508,EA_C_MIS,POL,POL_MEL_46,TYP_COMB,LIGNITE,COMB_RANGE,>=1000,COMB_UNIT,FLBOL,TYP_PLANT,Existing,Mercury
509,EA_C_MIS,POL,POL_MNL_45,TYP_COMB,LIGNITE,COMB_RANGE,>=1000,COMB_UNIT,FLBOL,TYP_PLANT,New,Mercury
510,EA_C_MIS,POL,POL_MEL_46,TYP_COMB,LIGNITE,COMB_RANGE,300-1000,COMB_UNIT,FLBOL,TYP_PLANT,Existing,Mercury
511,EA_C_MIS,POL,POL_MNL_45,TYP_COMB,LIGNITE,COMB_RANGE,300-1000,COMB_UNIT,FLBOL,TYP_PLANT,New,Mercury
512,EA_C_MIS,POL,POL_NECF_6,TYP_COMB,LIGNITE,COMB_RANGE,>=1000,COMB_UNIT,FLBOL,TYP_PLANT,Existing,NOX
513,EA_C_MIS,POL,POL_NNCF_5,TYP_COMB,LIGNITE,COMB_RANGE,>=1000,COMB_UNIT,FLBOL,TYP_PLANT,New,NOX
514,EA_C_MIS,POL,POL_NECF_6,TYP_COMB,LIGNITE,COMB_RANGE,300-1000,COMB_UNIT,FLBOL,TYP_PLANT,Existing,NOX
515,EA_C_MIS,POL,POL_NNCF_5,TYP_COMB,LIGNITE,COMB_RANGE,300-1000,COMB_UNIT,FLBOL,TYP_PLANT,New,NOX
516,EA_C_MIS,POL,POL_NECF_6,TYP_COMB,LIGNITE,COMB_RANGE,>=1000,COMB_UNIT,PCBOL,TYP_PLANT,Existing,NOX
517,EA_C_MIS,POL,POL_NNCF_5,TYP_COMB,LIGNITE,COMB_RANGE,>=1000,COMB_UNIT,PCBOL,TYP_PLANT,New,NOX
518,EA_C_MIS,POL,POL_NECF_6,TYP_COMB,LIGNITE,COMB_RANGE,300-1000,COMB_UNIT,PCBOL,TYP_PLANT,Existing,NOX
519,EA_C_MIS,POL,POL_NNCF_5,TYP_COMB,LIGNITE,COMB_RANGE,300-1000,COMB_UNIT,PCBOL,TYP_PLANT,New,NOX
520,EA_C_MIS,POL,POL_SECF_22,TYP_COMB,LIGNITE,COMB_RANGE,>=1000,COMB_UNIT,FLBOL,TYP_PLANT,Existing,SO2
521,EA_C_MIS,POL,POL_SECP_20,TYP_COMB,LIGNITE,COMB_RANGE,>=1000,COMB_UNIT,PCBOL,TYP_PLANT,Existing,SO2
522,EA_C_MIS,POL,POL_SNCF_21,TYP_COMB,LIGNITE,COMB_RANGE,>=1000,COMB_UNIT,FLBOL,TYP_PLANT,New,SO2
523,EA_C_MIS,POL,POL_SNCP_19,TYP_COMB,LIGNITE,COMB_RANGE,>=1000,COMB_UNIT,PCBOL,TYP_PLANT,New,SO2
524,EA_C_MIS,POL,POL_SECF_22,TYP_COMB,LIGNITE,COMB_RANGE,300-1000,COMB_UNIT,FLBOL,TYP_PLANT,Existing,SO2
525,EA_C_MIS,POL,POL_SECP_20,TYP_COMB,LIGNITE,COMB_RANGE,300-1000,COMB_UNIT,PCBOL,TYP_PLANT,Existing,SO2
526,EA_C_MIS,POL,POL_SNCF_21,TYP_COMB,LIGNITE,COMB_RANGE,300-1000,COMB_UNIT,FLBOL,TYP_PLANT,New,SO2
527,EA_C_MIS,POL,POL_SNCP_19,TYP_COMB,LIGNITE,COMB_RANGE,300-1000,COMB_UNIT,PCBOL,TYP_PLANT,New,SO2
528,EA_C_MIS,POL,POL_MEL_42,TYP_COMB,LIGNITE,COMB_RANGE,100-300,COMB_UNIT,All Types,TYP_PLANT,Existing,Mercury
529,EA_C_MIS,POL,POL_MNL_41,TYP_COMB,LIGNITE,COMB_RANGE,100-300,COMB_UNIT,All Types,TYP_PLANT,New,Mercury
530,EA_C_MIS,POL,POL_CECF_12,TYP_COMB,LIGNITE,COMB_RANGE,>=1000,COMB_UNIT,PCBOL,TYP_PLANT,Existing,CO
531,EA_C_MIS,POL,POL_CNCF_11,TYP_COMB,LIGNITE,COMB_RANGE,>=1000,COMB_UNIT,PCBOL,TYP_PLANT,New,CO
532,EA_C_MIS,POL,POL_CECF_12,TYP_COMB,LIGNITE,COMB_RANGE,300-1000,COMB_UNIT,PCBOL,TYP_PLANT,Existing,CO
533,EA_C_MIS,POL,POL_CNCF_11,TYP_COMB,LIGNITE,COMB_RANGE,300-1000,COMB_UNIT,PCBOL,TYP_PLANT,New,CO
534,EA_C_MIS,POL,POL_CEC_10,TYP_COMB,COAL,COMB_RANGE,<100,COMB_UNIT,All Types,TYP_PLANT,Existing,CO
535,EA_C_MIS,POL,POL_CNC_9,TYP_COMB,COAL,COMB_RANGE,<100,COMB_UNIT,All Types,TYP_PLANT,New,CO
536,EA_C_MIS,POL,POL_DEC_32,TYP_COMB,COAL,COMB_RANGE,<100,COMB_UNIT,All Types,TYP_PLANT,Existing,dust
537,EA_C_MIS,POL,POL_DNC_31,TYP_COMB,COAL,COMB_RANGE,<100,COMB_UNIT,All Types,TYP_PLANT,New,dust
538,EA_C_MIS,POL,POL_HEC_24,TYP_COMB,COAL,COMB_RANGE,<100,COMB_UNIT,All Types,TYP_PLANT,Existing,HCI
539,EA_C_MIS,POL,POL_HEC_28,TYP_COMB,COAL,COMB_RANGE,<100,COMB_UNIT,All Types,TYP_PLANT,Existing,HIF
540,EA_C_MIS,POL,POL_HNC_23,TYP_COMB,COAL,COMB_RANGE,<100,COMB_UNIT,All Types,TYP_PLANT,New,HCI
541,EA_C_MIS,POL,POL_HNC_27,TYP_COMB,COAL,COMB_RANGE,<100,COMB_UNIT,All Types,TYP_PLANT,New,HIF
542,EA_C_MIS,POL,POL_NEC_2,TYP_COMB,COAL,COMB_RANGE,<100,COMB_UNIT,All Types,TYP_PLANT,Existing,NOX
543,EA_C_MIS,POL,POL_NNC_1,TYP_COMB,COAL,COMB_RANGE,<100,COMB_UNIT,All Types,TYP_PLANT,New,NOX
544,EA_C_MIS,POL,POL_SEC_16,TYP_COMB,COAL,COMB_RANGE,<100,COMB_UNIT,All Types,TYP_PLANT,Existing,SO2
545,EA_C_MIS,POL,POL_SNC_15,TYP_COMB,COAL,COMB_RANGE,<100,COMB_UNIT,All Types,TYP_PLANT,New,SO2
546,EA_C_MIS,POL,POL_MEC_40,TYP_COMB,COAL,COMB_RANGE,<100,COMB_UNIT,All Types,TYP_PLANT,Existing,Mercury
547,EA_C_MIS,POL,POL_MNC_39,TYP_COMB,COAL,COMB_RANGE,<100,COMB_UNIT,All Types,TYP_PLANT,New,Mercury
548,EA_C_MIS,POL,POL_DEC_38,TYP_COMB,COAL,COMB_RANGE,>=1000,COMB_UNIT,PCBOL,TYP_PLANT,Existing,dust
549,EA_C_MIS,POL,POL_DNC_37,TYP_COMB,COAL,COMB_RANGE,>=1000,COMB_UNIT,PCBOL,TYP_PLANT,New,dust
550,EA_C_MIS,POL,POL_MEC_44,TYP_COMB,COAL,COMB_RANGE,>=1000,COMB_UNIT,PCBOL,TYP_PLANT,Existing,Mercury
551,EA_C_MIS,POL,POL_MNC_43,TYP_COMB,COAL,COMB_RANGE,>=1000,COMB_UNIT,PCBOL,TYP_PLANT,New,Mercury
552,EA_C_MIS,POL,POL_CECC_14,TYP_COMB,COAL,COMB_RANGE,>=1000,COMB_UNIT,PCBOL,TYP_PLANT,Existing,CO
553,EA_C_MIS,POL,POL_CECF_12,TYP_COMB,COAL,COMB_RANGE,>=1000,COMB_UNIT,FLBOL,TYP_PLANT,Existing,CO
554,EA_C_MIS,POL,POL_CNCC_13,TYP_COMB,COAL,COMB_RANGE,>=1000,COMB_UNIT,PCBOL,TYP_PLANT,New,CO
555,EA_C_MIS,POL,POL_CNCF_11,TYP_COMB,COAL,COMB_RANGE,>=1000,COMB_UNIT,FLBOL,TYP_PLANT,New,CO
556,EA_C_MIS,POL,POL_HEC_26,TYP_COMB,COAL,COMB_RANGE,>=1000,COMB_UNIT,PCBOL,TYP_PLANT,Existing,HCI
557,EA_C_MIS,POL,POL_HEC_30,TYP_COMB,COAL,COMB_RANGE,>=1000,COMB_UNIT,PCBOL,TYP_PLANT,Existing,HIF
558,EA_C_MIS,POL,POL_HNC_25,TYP_COMB,COAL,COMB_RANGE,>=1000,COMB_UNIT,PCBOL,TYP_PLANT,New,HCI
559,EA_C_MIS,POL,POL_HNC_29,TYP_COMB,COAL,COMB_RANGE,>=1000,COMB_UNIT,PCBOL,TYP_PLANT,New,HIF
560,EA_C_MIS,POL,POL_NECC_8,TYP_COMB,COAL,COMB_RANGE,>=1000,COMB_UNIT,PCBOL,TYP_PLANT,Existing,NOX
561,EA_C_MIS,POL,POL_NECF_6,TYP_COMB,COAL,COMB_RANGE,>=1000,COMB_UNIT,FLBOL,TYP_PLANT,Existing,NOX
562,EA_C_MIS,POL,POL_NNCC_7,TYP_COMB,COAL,COMB_RANGE,>=1000,COMB_UNIT,PCBOL,TYP_PLANT,New,NOX
563,EA_C_MIS,POL,POL_NNCF_5,TYP_COMB,COAL,COMB_RANGE,>=1000,COMB_UNIT,FLBOL,TYP_PLANT,New,NOX
564,EA_C_MIS,POL,POL_SECF_22,TYP_COMB,COAL,COMB_RANGE,>=1000,COMB_UNIT,FLBOL,TYP_PLANT,Existing,SO2
565,EA_C_MIS,POL,POL_SECP_20,TYP_COMB,COAL,COMB_RANGE,>=1000,COMB_UNIT,PCBOL,TYP_PLANT,Existing,SO2
566,EA_C_MIS,POL,POL_SNCF_21,TYP_COMB,COAL,COMB_RANGE,>=1000,COMB_UNIT,FLBOL,TYP_PLANT,New,SO2
567,EA_C_MIS,POL,POL_SNCP_19,TYP_COMB,COAL,COMB_RANGE,>=1000,COMB_UNIT,PCBOL,TYP_PLANT,New,SO2
568,EA_C_MIS,POL,POL_CEC_10,TYP_COMB,COAL,COMB_RANGE,100-300,COMB_UNIT,All Types,TYP_PLANT,Existing,CO
569,EA_C_MIS,POL,POL_CNC_9,TYP_COMB,COAL,COMB_RANGE,100-300,COMB_UNIT,All Types,TYP_PLANT,New,CO
570,EA_C_MIS,POL,POL_DEC_34,TYP_COMB,COAL,COMB_RANGE,100-300,COMB_UNIT,All Types,TYP_PLANT,Existing,dust
571,EA_C_MIS,POL,POL_DNC_33,TYP_COMB,COAL,COMB_RANGE,100-300,COMB_UNIT,All Types,TYP_PLANT,New,dust
572,EA_C_MIS,POL,POL_HEC_26,TYP_COMB,COAL,COMB_RANGE,100-300,COMB_UNIT,All Types,TYP_PLANT,Existing,HCI
573,EA_C_MIS,POL,POL_HEC_30,TYP_COMB,COAL,COMB_RANGE,100-300,COMB_UNIT,All Types,TYP_PLANT,Existing,HIF
574,EA_C_MIS,POL,POL_HNC_25,TYP_COMB,COAL,COMB_RANGE,100-300,COMB_UNIT,All Types,TYP_PLANT,New,HCI
575,EA_C_MIS,POL,POL_HNC_29,TYP_COMB,COAL,COMB_RANGE,100-300,COMB_UNIT,All Types,TYP_PLANT,New,HIF
576,EA_C_MIS,POL,POL_NEC_4,TYP_COMB,COAL,COMB_RANGE,100-300,COMB_UNIT,All Types,TYP_PLANT,Existing,NOX
577,EA_C_MIS,POL,POL_NNC_3,TYP_COMB,COAL,COMB_RANGE,100-300,COMB_UNIT,All Types,TYP_PLANT,New,NOX
578,EA_C_MIS,POL,POL_SEC_18,TYP_COMB,COAL,COMB_RANGE,100-300,COMB_UNIT,All Types,TYP_PLANT,Existing,SO2
579,EA_C_MIS,POL,POL_SNC_17,TYP_COMB,COAL,COMB_RANGE,100-300,COMB_UNIT,All Types,TYP_PLANT,New,SO2
580,EA_C_MIS,POL,POL_MEC_40,TYP_COMB,COAL,COMB_RANGE,100-300,COMB_UNIT,All Types,TYP_PLANT,Existing,Mercury
581,EA_C_MIS,POL,POL_MNC_39,TYP_COMB,COAL,COMB_RANGE,100-300,COMB_UNIT,All Types,TYP_PLANT,New,Mercury
582,EA_C_MIS,POL,POL_DEC_36,TYP_COMB,COAL,COMB_RANGE,300-1000,COMB_UNIT,PCBOL,TYP_PLANT,Existing,dust
583,EA_C_MIS,POL,POL_DNC_35,TYP_COMB,COAL,COMB_RANGE,300-1000,COMB_UNIT,PCBOL,TYP_PLANT,New,dust
584,EA_C_MIS,POL,POL_MEC_44,TYP_COMB,COAL,COMB_RANGE,300-1000,COMB_UNIT,PCBOL,TYP_PLANT,Existing,Mercury
585,EA_C_MIS,POL,POL_MNC_43,TYP_COMB,COAL,COMB_RANGE,300-1000,COMB_UNIT,PCBOL,TYP_PLANT,New,Mercury
586,EA_C_MIS,POL,POL_CECC_14,TYP_COMB,COAL,COMB_RANGE,300-1000,COMB_UNIT,PCBOL,TYP_PLANT,Existing,CO
587,EA_C_MIS,POL,POL_CECF_12,TYP_COMB,COAL,COMB_RANGE,300-1000,COMB_UNIT,FLBOL,TYP_PLANT,Existing,CO
588,EA_C_MIS,POL,POL_CNCC_13,TYP_COMB,COAL,COMB_RANGE,300-1000,COMB_UNIT,PCBOL,TYP_PLANT,New,CO
589,EA_C_MIS,POL,POL_CNCF_11,TYP_COMB,COAL,COMB_RANGE,300-1000,COMB_UNIT,FLBOL,TYP_PLANT,New,CO
590,EA_C_MIS,POL,POL_HEC_26,TYP_COMB,COAL,COMB_RANGE,300-1000,COMB_UNIT,PCBOL,TYP_PLANT,Existing,HCI
591,EA_C_MIS,POL,POL_HEC_30,TYP_COMB,COAL,COMB_RANGE,300-1000,COMB_UNIT,PCBOL,TYP_PLANT,Existing,HIF
592,EA_C_MIS,POL,POL_HNC_25,TYP_COMB,COAL,COMB_RANGE,300-1000,COMB_UNIT,PCBOL,TYP_PLANT,New,HCI
593,EA_C_MIS,POL,POL_HNC_29,TYP_COMB,COAL,COMB_RANGE,300-1000,COMB_UNIT,PCBOL,TYP_PLANT,New,HIF
594,EA_C_MIS,POL,POL_NECC_8,TYP_COMB,COAL,COMB_RANGE,300-1000,COMB_UNIT,PCBOL,TYP_PLANT,Existing,NOX
595,EA_C_MIS,POL,POL_NECF_6,TYP_COMB,COAL,COMB_RANGE,300-1000,COMB_UNIT,FLBOL,TYP_PLANT,Existing,NOX
596,EA_C_MIS,POL,POL_NNCC_7,TYP_COMB,COAL,COMB_RANGE,300-1000,COMB_UNIT,PCBOL,TYP_PLANT,New,NOX
597,EA_C_MIS,POL,POL_NNCF_5,TYP_COMB,COAL,COMB_RANGE,300-1000,COMB_UNIT,FLBOL,TYP_PLANT,New,NOX
598,EA_C_MIS,POL,POL_SECF_22,TYP_COMB,COAL,COMB_RANGE,300-1000,COMB_UNIT,FLBOL,TYP_PLANT,Existing,SO2
599,EA_C_MIS,POL,POL_SECP_20,TYP_COMB,COAL,COMB_RANGE,300-1000,COMB_UNIT,PCBOL,TYP_PLANT,Existing,SO2
600,EA_C_MIS,POL,POL_SNCF_21,TYP_COMB,COAL,COMB_RANGE,300-1000,COMB_UNIT,FLBOL,TYP_PLANT,New,SO2
601,EA_C_MIS,POL,POL_SNCP_19,TYP_COMB,COAL,COMB_RANGE,300-1000,COMB_UNIT,PCBOL,TYP_PLANT,New,SO2
602,EA_C_MIS,POL,POL_HEC_26,TYP_COMB,COAL,COMB_RANGE,300-1000,COMB_UNIT,FLBOL,TYP_PLANT,Existing,HCI
603,EA_C_MIS,POL,POL_HEC_30,TYP_COMB,COAL,COMB_RANGE,300-1000,COMB_UNIT,FLBOL,TYP_PLANT,Existing,HIF
604,EA_C_MIS,POL,POL_HNC_25,TYP_COMB,COAL,COMB_RANGE,300-1000,COMB_UNIT,FLBOL,TYP_PLANT,New,HCI
605,EA_C_MIS,POL,POL_HNC_29,TYP_COMB,COAL,COMB_RANGE,300-1000,COMB_UNIT,FLBOL,TYP_PLANT,New,HIF
606,EA_C_MIS,POL,POL_DEC_36,TYP_COMB,COAL,COMB_RANGE,300-1000,COMB_UNIT,FLBOL,TYP_PLANT,Existing,dust
607,EA_C_MIS,POL,POL_DNC_35,TYP_COMB,COAL,COMB_RANGE,300-1000,COMB_UNIT,FLBOL,TYP_PLANT,New,dust
608,EA_C_MIS,POL,POL_MEC_44,TYP_COMB,COAL,COMB_RANGE,300-1000,COMB_UNIT,FLBOL,TYP_PLANT,Existing,Mercury
609,EA_C_MIS,POL,POL_MNC_43,TYP_COMB,COAL,COMB_RANGE,300-1000,COMB_UNIT,FLBOL,TYP_PLANT,New,Mercury
610,EA_C_MIS,POL,POL_HEC_26,TYP_COMB,COAL,COMB_RANGE,>=1000,COMB_UNIT,FLBOL,TYP_PLANT,Existing,HCI
611,EA_C_MIS,POL,POL_HEC_30,TYP_COMB,COAL,COMB_RANGE,>=1000,COMB_UNIT,FLBOL,TYP_PLANT,Existing,HIF
612,EA_C_MIS,POL,POL_HNC_25,TYP_COMB,COAL,COMB_RANGE,>=1000,COMB_UNIT,FLBOL,TYP_PLANT,New,HCI
613,EA_C_MIS,POL,POL_HNC_29,TYP_COMB,COAL,COMB_RANGE,>=1000,COMB_UNIT,FLBOL,TYP_PLANT,New,HIF
614,EA_C_MIS,POL,POL_DEC_38,TYP_COMB,COAL,COMB_RANGE,>=1000,COMB_UNIT,FLBOL,TYP_PLANT,Existing,dust
615,EA_C_MIS,POL,POL_DNC_37,TYP_COMB,COAL,COMB_RANGE,>=1000,COMB_UNIT,FLBOL,TYP_PLANT,New,dust
616,EA_C_MIS,POL,POL_MEC_44,TYP_COMB,COAL,COMB_RANGE,>=1000,COMB_UNIT,FLBOL,TYP_PLANT,Existing,Mercury
617,EA_C_MIS,POL,POL_MNC_43,TYP_COMB,COAL,COMB_RANGE,>=1000,COMB_UNIT,FLBOL,TYP_PLANT,New,Mercury
618,EA_C_MIS,POL,POL_CEF_150,TYP_COMB,FCB,COMB_RANGE,<100,FUEL,GAS,TYP_PLANT,Existing,CO
619,EA_C_MIS,POL,POL_CNF_149,TYP_COMB,FCB,COMB_RANGE,<100,FUEL,GAS,TYP_PLANT,New,CO
620,EA_C_MIS,POL,POL_CEF_150,TYP_COMB,FCB,COMB_RANGE,<100,FUEL,MIXGL,TYP_PLANT,Existing,CO
621,EA_C_MIS,POL,POL_CNF_149,TYP_COMB,FCB,COMB_RANGE,<100,FUEL,MIXGL,TYP_PLANT,New,CO
622,EA_C_MIS,POL,POL_DEF_162,TYP_COMB,FCB,COMB_RANGE,<100,FUEL,MIXGL,TYP_PLANT,Existing,dust
623,EA_C_MIS,POL,POL_DNF_161,TYP_COMB,FCB,COMB_RANGE,<100,FUEL,MIXGL,TYP_PLANT,New,dust
624,EA_C_MIS,POL,POL_HEF_154,TYP_COMB,FCB,COMB_RANGE,<100,FUEL,MIXGL,TYP_PLANT,Existing,HCI
625,EA_C_MIS,POL,POL_HEF_158,TYP_COMB,FCB,COMB_RANGE,<100,FUEL,MIXGL,TYP_PLANT,Existing,HF
626,EA_C_MIS,POL,POL_HNF_153,TYP_COMB,FCB,COMB_RANGE,<100,FUEL,MIXGL,TYP_PLANT,New,HCI
627,EA_C_MIS,POL,POL_HNF_157,TYP_COMB,FCB,COMB_RANGE,<100,FUEL,MIXGL,TYP_PLANT,New,HF
628,EA_C_MIS,POL,POL_HEF_154,TYP_COMB,FCB,COMB_RANGE,<100,FUEL,GAS,TYP_PLANT,Existing,HCI
629,EA_C_MIS,POL,POL_HEF_158,TYP_COMB,FCB,COMB_RANGE,<100,FUEL,GAS,TYP_PLANT,Existing,HF
630,EA_C_MIS,POL,POL_HNF_153,TYP_COMB,FCB,COMB_RANGE,<100,FUEL,GAS,TYP_PLANT,New,HCI
631,EA_C_MIS,POL,POL_HNF_157,TYP_COMB,FCB,COMB_RANGE,<100,FUEL,GAS,TYP_PLANT,New,HF
632,EA_C_MIS,POL,POL_NNFG_147,TYP_COMB,FCB,COMB_RANGE,<100,FUEL,GAS,TYP_PLANT,New,NOX
633,EA_C_MIS,POL,POL_NNFM_145,TYP_COMB,FCB,COMB_RANGE,<100,FUEL,MIXGL,TYP_PLANT,New,NOX
634,EA_C_MIS,POL,POL_NEFG_148,TYP_COMB,FCB,COMB_RANGE,<100,FUEL,GAS,TYP_PLANT,Existing,NOX
635,EA_C_MIS,POL,POL_NEFM_146,TYP_COMB,FCB,COMB_RANGE,<100,FUEL,MIXGL,TYP_PLANT,Existing,NOX
636,EA_C_MIS,POL,POL_PF_165,TYP_COMB,FCB,COMB_RANGE,<100,FUEL,GAS,TYP_PLANT,New,PCDD/F
637,EA_C_MIS,POL,POL_PF_165,TYP_COMB,FCB,COMB_RANGE,<100,FUEL,MIXGL,TYP_PLANT,New,PCDD/F
638,EA_C_MIS,POL,POL_PF_165,TYP_COMB,FCB,COMB_RANGE,<100,FUEL,GAS,TYP_PLANT,Existing,PCDD/F
639,EA_C_MIS,POL,POL_PF_165,TYP_COMB,FCB,COMB_RANGE,<100,FUEL,MIXGL,TYP_PLANT,Existing,PCDD/F
640,EA_C_MIS,POL,POL_SEF_152,TYP_COMB,FCB,COMB_RANGE,<100,FUEL,GAS,TYP_PLANT,Existing,SO2
641,EA_C_MIS,POL,POL_SNF_151,TYP_COMB,FCB,COMB_RANGE,<100,FUEL,GAS,TYP_PLANT,New,SO2
642,EA_C_MIS,POL,POL_SEF_152,TYP_COMB,FCB,COMB_RANGE,<100,FUEL,MIXGL,TYP_PLANT,Existing,SO2
643,EA_C_MIS,POL,POL_SNF_151,TYP_COMB,FCB,COMB_RANGE,<100,FUEL,MIXGL,TYP_PLANT,New,SO2
644,EA_C_MIS,POL,POL_TF_166,TYP_COMB,FCB,COMB_RANGE,<100,FUEL,GAS,TYP_PLANT,Existing,TVOC
645,EA_C_MIS,POL,POL_TF_166,TYP_COMB,FCB,COMB_RANGE,<100,FUEL,GAS,TYP_PLANT,New,TVOC
646,EA_C_MIS,POL,POL_TF_166,TYP_COMB,FCB,COMB_RANGE,<100,FUEL,MIXGL,TYP_PLANT,Existing,TVOC
647,EA_C_MIS,POL,POL_TF_166,TYP_COMB,FCB,COMB_RANGE,<100,FUEL,MIXGL,TYP_PLANT,New,TVOC
648,EA_C_MIS,POL,POL_CEF_150,TYP_COMB,FCB,COMB_RANGE,>=300,FUEL,GAS,TYP_PLANT,Existing,CO
649,EA_C_MIS,POL,POL_CNF_149,TYP_COMB,FCB,COMB_RANGE,>=300,FUEL,GAS,TYP_PLANT,New,CO
650,EA_C_MIS,POL,POL_CEF_150,TYP_COMB,FCB,COMB_RANGE,>=300,FUEL,MIXGL,TYP_PLANT,Existing,CO
651,EA_C_MIS,POL,POL_CNF_149,TYP_COMB,FCB,COMB_RANGE,>=300,FUEL,MIXGL,TYP_PLANT,New,CO
652,EA_C_MIS,POL,POL_DEF_164,TYP_COMB,FCB,COMB_RANGE,>=300,FUEL,MIXGL,TYP_PLANT,Existing,dust
653,EA_C_MIS,POL,POL_DNF_163,TYP_COMB,FCB,COMB_RANGE,>=300,FUEL,MIXGL,TYP_PLANT,New,dust
654,EA_C_MIS,POL,POL_HEF_156,TYP_COMB,FCB,COMB_RANGE,>=300,FUEL,MIXGL,TYP_PLANT,Existing,HCI
655,EA_C_MIS,POL,POL_HEF_160,TYP_COMB,FCB,COMB_RANGE,>=300,FUEL,MIXGL,TYP_PLANT,Existing,HF
656,EA_C_MIS,POL,POL_HNF_155,TYP_COMB,FCB,COMB_RANGE,>=300,FUEL,MIXGL,TYP_PLANT,New,HCI
657,EA_C_MIS,POL,POL_HNF_159,TYP_COMB,FCB,COMB_RANGE,>=300,FUEL,MIXGL,TYP_PLANT,New,HF
658,EA_C_MIS,POL,POL_HEF_156,TYP_COMB,FCB,COMB_RANGE,>=300,FUEL,GAS,TYP_PLANT,Existing,HCI
659,EA_C_MIS,POL,POL_HEF_160,TYP_COMB,FCB,COMB_RANGE,>=300,FUEL,GAS,TYP_PLANT,Existing,HF
660,EA_C_MIS,POL,POL_HNF_155,TYP_COMB,FCB,COMB_RANGE,>=300,FUEL,GAS,TYP_PLANT,New,HCI
661,EA_C_MIS,POL,POL_HNF_159,TYP_COMB,FCB,COMB_RANGE,>=300,FUEL,GAS,TYP_PLANT,New,HF
662,EA_C_MIS,POL,POL_NNFG_147,TYP_COMB,FCB,COMB_RANGE,>=300,FUEL,GAS,TYP_PLANT,New,NOX
663,EA_C_MIS,POL,POL_NNFM_145,TYP_COMB,FCB,COMB_RANGE,>=300,FUEL,MIXGL,TYP_PLANT,New,NOX
664,EA_C_MIS,POL,POL_NEFG_148,TYP_COMB,FCB,COMB_RANGE,>=300,FUEL,GAS,TYP_PLANT,Existing,NOX
665,EA_C_MIS,POL,POL_NEFM_146,TYP_COMB,FCB,COMB_RANGE,>=300,FUEL,MIXGL,TYP_PLANT,Existing,NOX
666,EA_C_MIS,POL,POL_PF_165,TYP_COMB,FCB,COMB_RANGE,>=300,FUEL,GAS,TYP_PLANT,New,PCDD/F
667,EA_C_MIS,POL,POL_PF_165,TYP_COMB,FCB,COMB_RANGE,>=300,FUEL,MIXGL,TYP_PLANT,New,PCDD/F
668,EA_C_MIS,POL,POL_PF_165,TYP_COMB,FCB,COMB_RANGE,>=300,FUEL,GAS,TYP_PLANT,Existing,PCDD/F
669,EA_C_MIS,POL,POL_PF_165,TYP_COMB,FCB,COMB_RANGE,>=300,FUEL,MIXGL,TYP_PLANT,Existing,PCDD/F
670,EA_C_MIS,POL,POL_SEF_152,TYP_COMB,FCB,COMB_RANGE,>=300,FUEL,GAS,TYP_PLANT,Existing,SO2
671,EA_C_MIS,POL,POL_SNF_151,TYP_COMB,FCB,COMB_RANGE,>=300,FUEL,GAS,TYP_PLANT,New,SO2
672,EA_C_MIS,POL,POL_SEF_152,TYP_COMB,FCB,COMB_RANGE,>=300,FUEL,MIXGL,TYP_PLANT,Existing,SO2
673,EA_C_MIS,POL,POL_SNF_151,TYP_COMB,FCB,COMB_RANGE,>=300,FUEL,MIXGL,TYP_PLANT,New,SO2
674,EA_C_MIS,POL,POL_TF_166,TYP_COMB,FCB,COMB_RANGE,>=300,FUEL,GAS,TYP_PLANT,Existing,TVOC
675,EA_C_MIS,POL,POL_TF_166,TYP_COMB,FCB,COMB_RANGE,>=300,FUEL,GAS,TYP_PLANT,New,TVOC
676,EA_C_MIS,POL,POL_TF_166,TYP_COMB,FCB,COMB_RANGE,>=300,FUEL,MIXGL,TYP_PLANT,Existing,TVOC
677,EA_C_MIS,POL,POL_TF_166,TYP_COMB,FCB,COMB_RANGE,>=300,FUEL,MIXGL,TYP_PLANT,New,TVOC
678,EA_C_MIS,POL,POL_CEF_150,TYP_COMB,FCB,COMB_RANGE,100-300,FUEL,GAS,TYP_PLANT,Existing,CO
679,EA_C_MIS,POL,POL_CNF_149,TYP_COMB,FCB,COMB_RANGE,100-300,FUEL,GAS,TYP_PLANT,New,CO
680,EA_C_MIS,POL,POL_CEF_150,TYP_COMB,FCB,COMB_RANGE,100-300,FUEL,MIXGL,TYP_PLANT,Existing,CO
681,EA_C_MIS,POL,POL_CNF_149,TYP_COMB,FCB,COMB_RANGE,100-300,FUEL,MIXGL,TYP_PLANT,New,CO
682,EA_C_MIS,POL,POL_DEF_162,TYP_COMB,FCB,COMB_RANGE,100-300,FUEL,MIXGL,TYP_PLANT,Existing,dust
683,EA_C_MIS,POL,POL_DNF_161,TYP_COMB,FCB,COMB_RANGE,100-300,FUEL,MIXGL,TYP_PLANT,New,dust
684,EA_C_MIS,POL,POL_HEF_156,TYP_COMB,FCB,COMB_RANGE,100-300,FUEL,MIXGL,TYP_PLANT,Existing,HCI
685,EA_C_MIS,POL,POL_HEF_160,TYP_COMB,FCB,COMB_RANGE,100-300,FUEL,MIXGL,TYP_PLANT,Existing,HF
686,EA_C_MIS,POL,POL_HNF_155,TYP_COMB,FCB,COMB_RANGE,100-300,FUEL,MIXGL,TYP_PLANT,New,HCI
687,EA_C_MIS,POL,POL_HNF_159,TYP_COMB,FCB,COMB_RANGE,100-300,FUEL,MIXGL,TYP_PLANT,New,HF
688,EA_C_MIS,POL,POL_HEF_156,TYP_COMB,FCB,COMB_RANGE,100-300,FUEL,GAS,TYP_PLANT,Existing,HCI
689,EA_C_MIS,POL,POL_HEF_160,TYP_COMB,FCB,COMB_RANGE,100-300,FUEL,GAS,TYP_PLANT,Existing,HF
690,EA_C_MIS,POL,POL_HNF_155,TYP_COMB,FCB,COMB_RANGE,100-300,FUEL,GAS,TYP_PLANT,New,HCI
691,EA_C_MIS,POL,POL_HNF_159,TYP_COMB,FCB,COMB_RANGE,100-300,FUEL,GAS,TYP_PLANT,New,HF
692,EA_C_MIS,POL,POL_NNFG_147,TYP_COMB,FCB,COMB_RANGE,100-300,FUEL,GAS,TYP_PLANT,New,NOX
693,EA_C_MIS,POL,POL_NNFM_145,TYP_COMB,FCB,COMB_RANGE,100-300,FUEL,MIXGL,TYP_PLANT,New,NOX
694,EA_C_MIS,POL,POL_NEFG_148,TYP_COMB,FCB,COMB_RANGE,100-300,FUEL,GAS,TYP_PLANT,Existing,NOX
695,EA_C_MIS,POL,POL_NEFM_146,TYP_COMB,FCB,COMB_RANGE,100-300,FUEL,MIXGL,TYP_PLANT,Existing,NOX
696,EA_C_MIS,POL,POL_PF_165,TYP_COMB,FCB,COMB_RANGE,100-300,FUEL,GAS,TYP_PLANT,New,PCDD/F
697,EA_C_MIS,POL,POL_PF_165,TYP_COMB,FCB,COMB_RANGE,100-300,FUEL,MIXGL,TYP_PLANT,New,PCDD/F
698,EA_C_MIS,POL,POL_PF_165,TYP_COMB,FCB,COMB_RANGE,100-300,FUEL,GAS,TYP_PLANT,Existing,PCDD/F
699,EA_C_MIS,POL,POL_PF_165,TYP_COMB,FCB,COMB_RANGE,100-300,FUEL,MIXGL,TYP_PLANT,Existing,PCDD/F
700,EA_C_MIS,POL,POL_SEF_152,TYP_COMB,FCB,COMB_RANGE,100-300,FUEL,GAS,TYP_PLANT,Existing,SO2
701,EA_C_MIS,POL,POL_SNF_151,TYP_COMB,FCB,COMB_RANGE,100-300,FUEL,GAS,TYP_PLANT,New,SO2
702,EA_C_MIS,POL,POL_SEF_152,TYP_COMB,FCB,COMB_RANGE,100-300,FUEL,MIXGL,TYP_PLANT,Existing,SO2
703,EA_C_MIS,POL,POL_SNF_151,TYP_COMB,FCB,COMB_RANGE,100-300,FUEL,MIXGL,TYP_PLANT,New,SO2
704,EA_C_MIS,POL,POL_TF_166,TYP_COMB,FCB,COMB_RANGE,100-300,FUEL,GAS,TYP_PLANT,Existing,TVOC
705,EA_C_MIS,POL,POL_TF_166,TYP_COMB,FCB,COMB_RANGE,100-300,FUEL,GAS,TYP_PLANT,New,TVOC
706,EA_C_MIS,POL,POL_TF_166,TYP_COMB,FCB,COMB_RANGE,100-300,FUEL,MIXGL,TYP_PLANT,Existing,TVOC
707,EA_C_MIS,POL,POL_TF_166,TYP_COMB,FCB,COMB_RANGE,100-300,FUEL,MIXGL,TYP_PLANT,New,TVOC
708,EA_C_MIS,POL,POL_CEGG_144,TYP_COMB,GFGT,TYP_PLANT,Existing,,,,,CO
709,EA_C_MIS,POL,POL_CNGG_143,TYP_COMB,GFGT,TYP_PLANT,New,,,,,CO
710,EA_C_MIS,POL,POL_NEGG_142,TYP_COMB,GFGT,TYP_PLANT,Existing,,,,,NOX
711,EA_C_MIS,POL,POL_NNGG_141,TYP_COMB,GFGT,TYP_PLANT,New,,,,,NOX
712,EA_C_MIS,POL,POL_DEG_112,TYP_COMB,GOGT,TYP_PLANT,Existing,,,,,dust
713,EA_C_MIS,POL,POL_DNG_111,TYP_COMB,GOGT,TYP_PLANT,New,,,,,dust
714,EA_C_MIS,POL,POL_SEG_110,TYP_COMB,GOGT,TYP_PLANT,Existing,,,,,SO2
715,EA_C_MIS,POL,POL_SNG_109,TYP_COMB,GOGT,TYP_PLANT,New,,,,,SO2
716,EA_C_MIS,POL,POL_CEH_90,TYP_COMB,HGOB,COMB_RANGE,<100,TYP_PLANT,Existing,,,CO
717,EA_C_MIS,POL,POL_CEH_92,TYP_COMB,HGOB,COMB_RANGE,100-300,TYP_PLANT,Existing,,,CO
718,EA_C_MIS,POL,POL_CEH_92,TYP_COMB,HGOB,COMB_RANGE,>=300,TYP_PLANT,Existing,,,CO
719,EA_C_MIS,POL,POL_CNH_89,TYP_COMB,HGOB,COMB_RANGE,<100,TYP_PLANT,New,,,CO
720,EA_C_MIS,POL,POL_CNH_91,TYP_COMB,HGOB,COMB_RANGE,100-300,TYP_PLANT,New,,,CO
721,EA_C_MIS,POL,POL_CNH_91,TYP_COMB,HGOB,COMB_RANGE,>=300,TYP_PLANT,New,,,CO
722,EA_C_MIS,POL,POL_DEH_100,TYP_COMB,HGOB,COMB_RANGE,<100,TYP_PLANT,Existing,,,dust
723,EA_C_MIS,POL,POL_DEH_100,TYP_COMB,HGOB,COMB_RANGE,100-300,TYP_PLANT,Existing,,,dust
724,EA_C_MIS,POL,POL_DEH_98,TYP_COMB,HGOB,COMB_RANGE,>=300,TYP_PLANT,Existing,,,dust
725,EA_C_MIS,POL,POL_DNH_97,TYP_COMB,HGOB,COMB_RANGE,<100,TYP_PLANT,New,,,dust
726,EA_C_MIS,POL,POL_DNH_97,TYP_COMB,HGOB,COMB_RANGE,100-300,TYP_PLANT,New,,,dust
727,EA_C_MIS,POL,POL_DNH_99,TYP_COMB,HGOB,COMB_RANGE,>=300,TYP_PLANT,New,,,dust
728,EA_C_MIS,POL,POL_NEH_86,TYP_COMB,HGOB,COMB_RANGE,<100,TYP_PLANT,Existing,,,NOX
729,EA_C_MIS,POL,POL_NEH_88,TYP_COMB,HGOB,COMB_RANGE,100-300,TYP_PLANT,Existing,,,NOX
730,EA_C_MIS,POL,POL_NEH_88,TYP_COMB,HGOB,COMB_RANGE,>=300,TYP_PLANT,Existing,,,NOX
731,EA_C_MIS,POL,POL_NNH_85,TYP_COMB,HGOB,COMB_RANGE,<100,TYP_PLANT,New,,,NOX
732,EA_C_MIS,POL,POL_NNH_87,TYP_COMB,HGOB,COMB_RANGE,100-300,TYP_PLANT,New,,,NOX
733,EA_C_MIS,POL,POL_NNH_87,TYP_COMB,HGOB,COMB_RANGE,>=300,TYP_PLANT,New,,,NOX
734,EA_C_MIS,POL,POL_SEH_94,TYP_COMB,HGOB,COMB_RANGE,<100,TYP_PLANT,Existing,,,SO2
735,EA_C_MIS,POL,POL_SEH_94,TYP_COMB,HGOB,COMB_RANGE,100-300,TYP_PLANT,Existing,,,SO2
736,EA_C_MIS,POL,POL_SEH_96,TYP_COMB,HGOB,COMB_RANGE,>=300,TYP_PLANT,Existing,,,SO2
737,EA_C_MIS,POL,POL_SNH_93,TYP_COMB,HGOB,COMB_RANGE,<100,TYP_PLANT,New,,,SO2
738,EA_C_MIS,POL,POL_SNH_93,TYP_COMB,HGOB,COMB_RANGE,100-300,TYP_PLANT,New,,,SO2
739,EA_C_MIS,POL,POL_SNH_95,TYP_COMB,HGOB,COMB_RANGE,>=300,TYP_PLANT,New,,,SO2
740,EA_C_MIS,POL,POL_CEH_104,TYP_COMB,HGORE,COMB_RANGE,<50,TYP_PLANT,Existing,,,CO
741,EA_C_MIS,POL,POL_CNH_103,TYP_COMB,HGORE,COMB_RANGE,>=50,TYP_PLANT,New,,,CO
744,EA_C_MIS,POL,POL_DEH_108,TYP_COMB,HGORE,COMB_RANGE,>=50,TYP_PLANT,Existing,,,dust
745,EA_C_MIS,POL,POL_DNH_107,TYP_COMB,HGORE,COMB_RANGE,>=50,TYP_PLANT,New,,,dust
746,EA_C_MIS,POL,POL_NEH_102,TYP_COMB,HGORE,COMB_RANGE,>=50,TYP_PLANT,Existing,,,NOX
747,EA_C_MIS,POL,POL_NNH_101,TYP_COMB,HGORE,COMB_RANGE,>=50,TYP_PLANT,New,,,NOX
748,EA_C_MIS,POL,POL_SEH_106,TYP_COMB,HGORE,COMB_RANGE,<50,TYP_PLANT,Existing,,,SO2
749,EA_C_MIS,POL,POL_SNH_105,TYP_COMB,HGORE,COMB_RANGE,>=50,TYP_PLANT,New,,,SO2
752,EA_C_MIS,POL,POL_CEIB_130,TYP_COMB,IRONSTG,COMB_UNIT,BOILER,TYP_PLANT,Existing,,,CO
753,EA_C_MIS,POL,POL_CEIC_132,TYP_COMB,IRONSTG,COMB_UNIT,CCGT,TYP_PLANT,Existing,,,CO
754,EA_C_MIS,POL,POL_CNIB_129,TYP_COMB,IRONSTG,COMB_UNIT,BOILER,TYP_PLANT,New,,,CO
755,EA_C_MIS,POL,POL_CNIC_131,TYP_COMB,IRONSTG,COMB_UNIT,CCGT,TYP_PLANT,New,,,CO
756,EA_C_MIS,POL,POL_DEIB_138,TYP_COMB,IRONSTG,COMB_UNIT,BOILER,TYP_PLANT,Existing,,,dust
757,EA_C_MIS,POL,POL_DEIC_140,TYP_COMB,IRONSTG,COMB_UNIT,CCGT,TYP_PLANT,Existing,,,dust
758,EA_C_MIS,POL,POL_DNIB_137,TYP_COMB,IRONSTG,COMB_UNIT,BOILER,TYP_PLANT,New,,,dust
759,EA_C_MIS,POL,POL_DNIC_139,TYP_COMB,IRONSTG,COMB_UNIT,CCGT,TYP_PLANT,New,,,dust
760,EA_C_MIS,POL,POL_NEIB_126,TYP_COMB,IRONSTG,COMB_UNIT,BOILER,TYP_PLANT,Existing,,,NOX
761,EA_C_MIS,POL,POL_NEIC_128,TYP_COMB,IRONSTG,COMB_UNIT,CCGT,TYP_PLANT,Existing,,,NOX
762,EA_C_MIS,POL,POL_NNIB_125,TYP_COMB,IRONSTG,COMB_UNIT,BOILER,TYP_PLANT,New,,,NOX
763,EA_C_MIS,POL,POL_NNIC_127,TYP_COMB,IRONSTG,COMB_UNIT,CCGT,TYP_PLANT,New,,,NOX
764,EA_C_MIS,POL,POL_SEIB_134,TYP_COMB,IRONSTG,COMB_UNIT,BOILER,TYP_PLANT,Existing,,,SO2
765,EA_C_MIS,POL,POL_SEIC_136,TYP_COMB,IRONSTG,COMB_UNIT,CCGT,TYP_PLANT,Existing,,,SO2
766,EA_C_MIS,POL,POL_SNIB_133,TYP_COMB,IRONSTG,COMB_UNIT,BOILER,TYP_PLANT,New,,,SO2
767,EA_C_MIS,POL,POL_SNIC_135,TYP_COMB,IRONSTG,COMB_UNIT,CCGT,TYP_PLANT,New,,,SO2
768,EA_C_MIS,POL,POL_CENB_118,TYP_COMB,NGGT,COMB_UNIT,BOILER,TYP_PLANT,Existing,,,CO
769,EA_C_MIS,POL,POL_CENE_120,TYP_COMB,NGGT,COMB_UNIT,ENGINE,TYP_PLANT,Existing,,,CO
770,EA_C_MIS,POL,POL_CNNB_117,TYP_COMB,NGGT,COMB_UNIT,BOILER,TYP_PLANT,New,,,CO
771,EA_C_MIS,POL,POL_CNNE_119,TYP_COMB,NGGT,COMB_UNIT,ENGINE,TYP_PLANT,New,,,CO
772,EA_C_MIS,POL,POL_NENB_114,TYP_COMB,NGGT,COMB_UNIT,BOILER,TYP_PLANT,Existing,,,NOX
773,EA_C_MIS,POL,POL_NENE_116,TYP_COMB,NGGT,COMB_UNIT,ENGINE,TYP_PLANT,Existing,,,NOX
774,EA_C_MIS,POL,POL_NNNB_113,TYP_COMB,NGGT,COMB_UNIT,BOILER,TYP_PLANT,New,,,NOX
775,EA_C_MIS,POL,POL_NNNE_115,TYP_COMB,NGGT,COMB_UNIT,ENGINE,TYP_PLANT,New,,,NOX
776,EA_C_MIS,POL,POL_CEN_122,TYP_COMB,NGSL,COMB_RANGE,>=50,TYP_PLANT,Existing,,,CH4
777,EA_C_MIS,POL,POL_CNN_121,TYP_COMB,NGSL,COMB_RANGE,>=50,TYP_PLANT,New,,,CH4
778,EA_C_MIS,POL,POL_FEN_124,TYP_COMB,NGSL,COMB_RANGE,>=50,TYP_PLANT,Existing,,,Formaldehyde
779,EA_C_MIS,POL,POL_FNN_123,TYP_COMB,NGSL,COMB_RANGE,>=50,TYP_PLANT,New,,,Formaldehyde
780,EA_C_MIS,POL,POL_CES_54,TYP_COMB,SBIOP,COMB_RANGE,<100,TYP_PLANT,Existing,,,CO
781,EA_C_MIS,POL,POL_CES_56,TYP_COMB,SBIOP,COMB_RANGE,100-300,TYP_PLANT,Existing,,,CO
782,EA_C_MIS,POL,POL_CES_58,TYP_COMB,SBIOP,COMB_RANGE,>=300,TYP_PLANT,Existing,,,CO
783,EA_C_MIS,POL,POL_CNS_53,TYP_COMB,SBIOP,COMB_RANGE,<100,TYP_PLANT,New,,,CO
784,EA_C_MIS,POL,POL_CNS_55,TYP_COMB,SBIOP,COMB_RANGE,100-300,TYP_PLANT,New,,,CO
785,EA_C_MIS,POL,POL_CNS_57,TYP_COMB,SBIOP,COMB_RANGE,>=300,TYP_PLANT,New,,,CO
786,EA_C_MIS,POL,POL_DES_78,TYP_COMB,SBIOP,COMB_RANGE,<100,TYP_PLANT,Existing,,,dust
787,EA_C_MIS,POL,POL_DES_80,TYP_COMB,SBIOP,COMB_RANGE,100-300,TYP_PLANT,Existing,,,dust
788,EA_C_MIS,POL,POL_DES_82,TYP_COMB,SBIOP,COMB_RANGE,>=300,TYP_PLANT,Existing,,,dust
789,EA_C_MIS,POL,POL_DNS_77,TYP_COMB,SBIOP,COMB_RANGE,<100,TYP_PLANT,New,,,dust
790,EA_C_MIS,POL,POL_DNS_79,TYP_COMB,SBIOP,COMB_RANGE,100-300,TYP_PLANT,New,,,dust
791,EA_C_MIS,POL,POL_DNS_81,TYP_COMB,SBIOP,COMB_RANGE,>=300,TYP_PLANT,New,,,dust
792,EA_C_MIS,POL,POL_HES_66,TYP_COMB,SBIOP,COMB_RANGE,<100,TYP_PLANT,Existing,,,HCI
793,EA_C_MIS,POL,POL_HES_68,TYP_COMB,SBIOP,COMB_RANGE,100-300,TYP_PLANT,Existing,,,HCI
794,EA_C_MIS,POL,POL_HES_70,TYP_COMB,SBIOP,COMB_RANGE,>=300,TYP_PLANT,Existing,,,HCI
795,EA_C_MIS,POL,POL_HES_72,TYP_COMB,SBIOP,COMB_RANGE,<100,TYP_PLANT,Existing,,,HIF
796,EA_C_MIS,POL,POL_HES_74,TYP_COMB,SBIOP,COMB_RANGE,100-300,TYP_PLANT,Existing,,,HIF
797,EA_C_MIS,POL,POL_HES_76,TYP_COMB,SBIOP,COMB_RANGE,>=300,TYP_PLANT,Existing,,,HIF
798,EA_C_MIS,POL,POL_HNS_65,TYP_COMB,SBIOP,COMB_RANGE,<100,TYP_PLANT,New,,,HCI
799,EA_C_MIS,POL,POL_HNS_67,TYP_COMB,SBIOP,COMB_RANGE,100-300,TYP_PLANT,New,,,HCI
800,EA_C_MIS,POL,POL_HNS_69,TYP_COMB,SBIOP,COMB_RANGE,>=300,TYP_PLANT,New,,,HCI
801,EA_C_MIS,POL,POL_HNS_71,TYP_COMB,SBIOP,COMB_RANGE,<100,TYP_PLANT,New,,,HIF
802,EA_C_MIS,POL,POL_HNS_73,TYP_COMB,SBIOP,COMB_RANGE,100-300,TYP_PLANT,New,,,HIF
803,EA_C_MIS,POL,POL_HNS_75,TYP_COMB,SBIOP,COMB_RANGE,>=300,TYP_PLANT,New,,,HIF
804,EA_C_MIS,POL,POL_MES_84,TYP_COMB,SBIOP,COMB_RANGE,<100,TYP_PLANT,Existing,,,Mercury
805,EA_C_MIS,POL,POL_MES_84,TYP_COMB,SBIOP,COMB_RANGE,100-300,TYP_PLANT,Existing,,,Mercury
806,EA_C_MIS,POL,POL_MES_84,TYP_COMB,SBIOP,COMB_RANGE,>=300,TYP_PLANT,Existing,,,Mercury
807,EA_C_MIS,POL,POL_MNS_83,TYP_COMB,SBIOP,COMB_RANGE,<100,TYP_PLANT,New,,,Mercury
808,EA_C_MIS,POL,POL_MNS_83,TYP_COMB,SBIOP,COMB_RANGE,100-300,TYP_PLANT,New,,,Mercury
809,EA_C_MIS,POL,POL_MNS_83,TYP_COMB,SBIOP,COMB_RANGE,>=300,TYP_PLANT,New,,,Mercury
810,EA_C_MIS,POL,POL_NES_48,TYP_COMB,SBIOP,COMB_RANGE,<100,TYP_PLANT,Existing,,,NOX
811,EA_C_MIS,POL,POL_NES_50,TYP_COMB,SBIOP,COMB_RANGE,100-300,TYP_PLANT,Existing,,,NOX
812,EA_C_MIS,POL,POL_NES_52,TYP_COMB,SBIOP,COMB_RANGE,>=300,TYP_PLANT,Existing,,,NOX
813,EA_C_MIS,POL,POL_NNS_47,TYP_COMB,SBIOP,COMB_RANGE,<100,TYP_PLANT,New,,,NOX
814,EA_C_MIS,POL,POL_NNS_49,TYP_COMB,SBIOP,COMB_RANGE,100-300,TYP_PLANT,New,,,NOX
815,EA_C_MIS,POL,POL_NNS_51,TYP_COMB,SBIOP,COMB_RANGE,>=300,TYP_PLANT,New,,,NOX
816,EA_C_MIS,POL,POL_SES_60,TYP_COMB,SBIOP,COMB_RANGE,<100,TYP_PLANT,Existing,,,SO2
817,EA_C_MIS,POL,POL_SES_62,TYP_COMB,SBIOP,COMB_RANGE,100-300,TYP_PLANT,Existing,,,SO2
818,EA_C_MIS,POL,POL_SES_64,TYP_COMB,SBIOP,COMB_RANGE,>=300,TYP_PLANT,Existing,,,SO2
819,EA_C_MIS,POL,POL_SNS_59,TYP_COMB,SBIOP,COMB_RANGE,<100,TYP_PLANT,New,,,SO2
820,EA_C_MIS,POL,POL_SNS_61,TYP_COMB,SBIOP,COMB_RANGE,100-300,TYP_PLANT,New,,,SO2
821,EA_C_MIS,POL,POL_SNS_63,TYP_COMB,SBIOP,COMB_RANGE,>=300,TYP_PLANT,New,,,SO2
