CONT_MEAS,CRITER,CRITER_DESC,CRIT_UNIT,CRIT_U,CRIT_L,SUBST,COND_GHGU,COND_GHGL,COND_UNIT,ENGN_CATG,VEH_CATG,POWER_L,POWER_U,IGN_TYP,EMS_STG,TYR_CLASS,ENGF_CLASS,VERF_EPREL,RM,RM_L,RM_U,COMBP_L,COMBP_U,OPH_L,TYP_COMB,COMB_UNIT,CALC_MEAS,TYP_PLANT
GHG      ,ACE,Production of acetylene,TCO2E/T        ,0.851,0,            ,                ,         ,         ,         ,        ,0,0,       ,       ,         ,          ,          ,   ,0,0,0,0,0,        ,,,
GHG      ,ADAC,Production of adipic acid,TCO2E/T        ,0.76,0,            ,                ,         ,         ,         ,        ,0,0,       ,       ,         ,          ,          ,   ,0,0,0,0,0,        ,,,
IMPL     ,ADS,Implementation of adaptation solutions,INDICATOR (Y/N),,,            ,                ,         ,         ,         ,        ,0,0,       ,       ,         ,          ,          ,   ,0,0,0,0,0,        ,,,
IMPL     ,ADS_DNSH,"Where applicable, the solution complies with the do no significant harm technical screening criteria for that activity.",INDICATOR (Y/N),,,0,0,,,,,,,,,,,,,,,,,,,,,
IMPL     ,ADS_EXAST,"For existing activities and new activities using existing physical assets, the economic operator implements physical and non-physical solutions that reduce the most important identified physical climate risks that are material to that activity",INDICATOR (Y/N),,,            ,                ,         ,         ,         ,        ,0,0,       ,       ,         ,          ,          ,   ,0,0,0,0,0,        ,,,
IMPL     ,ADS_MEAS,The adaptation solutions implemented are monitored and measured against pre-defined indicators and remedial action is considered where those indicators are not met,INDICATOR (Y/N),,,0,0,,,,,,,,,,,,,,,,,,,,,
IMPL     ,ADS_NBS,The adaptation solutions implemented favour nature-based solutions or rely on blue or green infrastructure to the extent possible,INDICATOR (Y/N),,,            ,                ,         ,         ,         ,        ,0,0,       ,       ,         ,          ,          ,   ,0,0,0,0,0,        ,,,
IMPL     ,ADS_NEWAST,"For new activities and existing activities using newly-built physical assets, the economic operator integrates the adaptation solutions that reduce the most important identified physical climate risks that are material to that activity",INDICATOR (Y/N),,,            ,                ,         ,         ,         ,        ,0,0,       ,       ,         ,          ,          ,   ,0,0,0,0,0,        ,,,
IMPL     ,ADS_RES,The adaptation solutions implemented do not adversely affect the adaptation efforts or the level of resilience to physical climate risks,INDICATOR (Y/N),,,            ,                ,         ,         ,         ,        ,0,0,       ,       ,         ,          ,          ,   ,0,0,0,0,0,        ,,,
IMPL     ,ADS_STRG,"The adaptation solutions implemented are consistent with local, sectoral, regional or national adaptation plans and strategies",INDICATOR (Y/N),,,            ,                ,         ,         ,         ,        ,0,0,       ,       ,         ,          ,          ,   ,0,0,0,0,0,        ,,,
IMPL     ,ASM,Assessment of adaptation solutions that can reduce the identified physical climate risk,INDICATOR (Y/N),,,            ,                ,         ,         ,         ,        ,0,0,       ,       ,         ,          ,          ,   ,0,0,0,0,0,        ,,,
GHG      ,BENZ,Production of benzene,TCO2E/T        ,0.03,0,            ,                ,         ,         ,         ,        ,0,0,       ,       ,         ,          ,          ,   ,0,0,0,0,0,        ,,,
IMPL     ,BIO_EIA,EIA (Environmental Impact Assessment) (Directive 2011/92/EU),INDICATOR (Y/N),,,            ,                ,         ,         ,         ,        ,0,0,       ,       ,         ,          ,          ,   ,0,0,0,0,0,        ,,,
IMPL     ,BIO_LBS,Location in or near biodiversity-sensitive areas,INDICATOR (Y/N),,,            ,                ,         ,         ,         ,        ,0,0,       ,       ,         ,          ,          ,   ,0,0,0,0,0,        ,,,
IMPL     ,BIO_MEAS,"Where an EIA has been carried out, the required mitigation and compensation measures for protecting the environment are implemented.",INDICATOR (Y/N),,,            ,                ,         ,         ,         ,        ,0,0,       ,       ,         ,          ,          ,   ,0,0,0,0,0,        ,,,
GHG      ,BIPHEN,Production of biphenyls,TCO2E/T        ,0.03,0,            ,                ,         ,         ,         ,        ,0,0,       ,       ,         ,          ,          ,   ,0,0,0,0,0,        ,,,
GHG      ,BUT,Production of butadiene,TCO2E/T        ,0.851,0,            ,                ,         ,         ,         ,        ,0,0,       ,       ,         ,          ,          ,   ,0,0,0,0,0,        ,,,
IMPL     ,CALC,Life-cycle GHG emissions are calculated as per recommendation,INDICATOR (Y/N),,,0,0,,,,,,,,,,,,,,,,,,,,,
IMPL     ,ADS_ASM,Assessment of adaptation solutions that can reduce the identified physical climate risk,INDICATOR (Y/N),,,            ,                ,         ,         ,         ,        ,0,0,       ,       ,         ,          ,          ,   ,0,0,0,0,0,        ,,,
IMPL     ,CCA_RISK,"For activities with an expected lifespan of less than 10 years, the assessment is performed, at least by using climate projections at the smallest appropriate scale",INDICATOR (Y/N),,,            ,                ,         ,         ,         ,        ,0,0,       ,       ,         ,          ,          ,   ,0,0,0,0,0,        ,,,
IMPL     ,CCM_ABIO,Agricultural biomass compliance,INDICATOR (Y/N),,,            ,                ,         ,         ,         ,        ,0,0,       ,       ,         ,          ,          ,   ,0,0,0,0,0,        ,,,
IMPL     ,CEC,Production of toluene,INDICATOR (Y/N),,,            ,                ,         ,         ,         ,        ,0,0,       ,       ,         ,          ,          ,   ,0,0,0,0,0,        ,,,
GHG      ,COK,Ironmaking step - Coke (excluding lignite coke),TCO2E/T        ,0.144,0,0,0,,,,,,,,,,,,,,,,,,,,,
IMPL     ,CP_BP,The climate projections and assessment of impacts are based on best practice and available guidance,INDICATOR (Y/N),,,            ,                ,         ,         ,         ,        ,0,0,       ,       ,         ,          ,          ,   ,0,0,0,0,0,        ,,,
STEEL    ,CST,carbon steel,%              ,0,90,            ,                ,         ,         ,         ,        ,0,0,       ,       ,         ,          ,          ,   ,0,0,0,0,0,        ,,,
GHG      ,CUME,Production of cumene,TCO2E/T        ,0.03,0,            ,                ,         ,         ,         ,        ,0,0,       ,       ,         ,          ,          ,   ,0,0,0,0,0,        ,,,
IMPL     ,CVA_OTR,The assessment is performed using the highest available resolution,INDICATOR (Y/N),,,            ,                ,         ,         ,         ,        ,0,0,       ,       ,         ,          ,          ,   ,0,0,0,0,0,        ,,,
IMPL     ,CVA_SCALE10,"For activities with an expected lifespan of less than 10 years, the assessment is performed, at least by using climate projections at the smallest appropriate scale",INDICATOR (Y/N),,,            ,                ,         ,         ,         ,        ,0,0,       ,       ,         ,          ,          ,   ,0,0,0,0,0,        ,,,
GHG      ,CYHEX,Production of cyclohexane,TCO2E/T        ,0.03,0,            ,                ,         ,         ,         ,        ,0,0,       ,       ,         ,          ,          ,   ,0,0,0,0,0,        ,,,
GHG      ,EA,Primary Steelmaking - electric Arc Furnace high alloy steel HAS,TCO2E/T        ,0.266,0,0,0,,,,,,,,,,,,,,,,,,,,,
GHG      ,EC,Primary Steelmaking - electric Arc Furnace carbon steel CSL,TCO2E/T        ,0.209,0,0,0,,,,,,,,,,,,,,,,,,,,,
GHG      ,EFA,electric Arc Furnace (EAF) high alloy steel,TCO2E/T        ,0.36,0,            ,                ,         ,         ,         ,        ,0,0,       ,       ,         ,          ,          ,   ,0,0,0,0,0,        ,,,
GHG      ,EFC,electric Arc Furnace (EAF) carbon steel,TCO2E/T        ,0.276,0,            ,                ,         ,         ,         ,        ,0,0,       ,       ,         ,          ,          ,   ,0,0,0,0,0,        ,,,
GHG      ,ETHBENZ,Production of ethylbenzene,TCO2E/T        ,0.03,0,            ,                ,         ,         ,         ,        ,0,0,       ,       ,         ,          ,          ,   ,0,0,0,0,0,        ,,,
GHG      ,ETHOX,Production of ethylene oxide,TCO2E/T        ,0.489,0,            ,                ,         ,         ,         ,        ,0,0,       ,       ,         ,          ,          ,   ,0,0,0,0,0,        ,,,
GHG      ,ETHYL,Climate risk and vulnerability assessment to assess the materiality of the physical climate risks on the economic activity,TCO2E/T        ,0.851,0,            ,                ,         ,         ,         ,        ,0,0,       ,       ,         ,          ,          ,   ,0,0,0,0,0,        ,,,
IMPL     ,EXAST,"For existing activities and new activities using existing physical assets, the economic operator implements physical and non-physical solutions (‘adaptation solutions’) that reduce the most important identified physical climate risks",INDICATOR (Y/N),,,            ,                ,         ,         ,         ,        ,0,0,       ,       ,         ,          ,          ,   ,0,0,0,0,0,        ,,,
IMPL     ,FDS,Production of ethylene,INDICATOR (Y/N),,,            ,                ,         ,         ,         ,        ,0,0,       ,       ,         ,          ,          ,   ,0,0,0,0,0,        ,,,
STEEL    ,HAS,Emissions of chemicals manufactured from renewable feedstock,%              ,0,70,            ,                ,         ,         ,         ,        ,0,0,       ,       ,         ,          ,          ,   ,0,0,0,0,0,        ,,,
GHG      ,HMT,hot metal,TCO2E/T        ,1.443,0,            ,                ,         ,         ,         ,        ,0,0,       ,       ,         ,          ,          ,   ,0,0,0,0,0,        ,,,
,IBH,International Bill of Human Rights (MS_IBHR),INDICATOR (Y/N),,,,0,,,,,,,,,,,,,,,,,,,,,
,ILO,ILO Declaration on Fundamental Rights and Principles at Work (MS_ILO),INDICATOR (Y/N),,,,0,,,,,,,,,,,,,,,,,,,,,
GHG      ,IRC,Continuous Casting - Cast Iron,TCO2E/T        ,0.299,0,0,0,,,,,,,,,,,,,,,,,,,,,
GHG      ,MALK,"Production of mixed alkylbenzenes, mixed alkylnapthalenes",TCO2E/T        ,0.03,0,            ,                ,         ,         ,         ,        ,0,0,       ,       ,         ,          ,          ,   ,0,0,0,0,0,        ,,,
GHG      ,MONGLYC,Production of monoethylene glycol,TCO2E/T        ,0.489,0,            ,                ,         ,         ,         ,        ,0,0,       ,       ,         ,          ,          ,   ,0,0,0,0,0,        ,,,
GHG      ,MXYLOL,Production of m-xylene,TCO2E/T        ,0.03,0,            ,                ,         ,         ,         ,        ,0,0,       ,       ,         ,          ,          ,   ,0,0,0,0,0,        ,,,
,OEC,OECD Guidelines for Multinational Enterprises (MS_OECD),INDICATOR (Y/N),,,,0,,,,,,,,,,,,,,,,,,,,,
GHG      ,OXYLOL,Production of o-xylene,TCO2E/T        ,0.03,0,            ,                ,         ,         ,         ,        ,0,0,       ,       ,         ,          ,          ,   ,0,0,0,0,0,        ,,,
BAT-AEL  ,POL_AOX,Pollution from Adsorbable organically bound,MG/L           ,1,0.2,AOX         ,100,         ,KG       ,         ,        ,0,0,       ,       ,         ,          ,          ,   ,0,0,0,0,0,        ,,,
BAT-AEL  ,POL_BENZ_PHE,Emissions of benzene to air from the production of phenol,MG/NM3         ,1,0,C6H6        ,1,         ,G/H      ,         ,        ,0,0,       ,       ,         ,          ,          ,   ,0,0,0,0,0,        ,,,
BAT-AEL  ,POL_CCL4_TDI,Emissions of tetrachloromethane to air from the TDI process,G/T            ,0.5,0,CCL4        ,                ,         ,         ,         ,        ,0,0,       ,       ,         ,          ,          ,   ,0,0,0,0,0,        ,,,
BAT-AEL  ,POL_CEC_10,Pollution from CO of existing COLIG,MG/NM3         ,30,140,CO          ,                ,         ,         ,         ,        ,0,0,       ,       ,         ,          ,          ,   ,0,0,0,0,0,        ,,,
BAT-AEL  ,POL_CEF_150,Pollution from CO of existing FCB,MG/NM3         ,5,30,CO          ,                ,         ,         ,         ,        ,0,0,       ,       ,         ,          ,          ,   ,0,0,0,0,0,        ,,,
BAT-AEL  ,POL_CEGG_144,Pollution from CO of existing GFGT,MG/NM3         ,0,100,CO          ,                ,         ,         ,         ,        ,0,0,       ,       ,         ,          ,          ,   ,0,0,0,0,0,        ,,,
BAT-AEL  ,POL_CEH_104,Pollution from CO of existing HGORE,MG/NM3         ,50,175,CO          ,                ,         ,         ,         ,        ,0,0,       ,       ,         ,          ,          ,   ,0,0,0,0,0,        ,,,
BAT-AEL  ,POL_CEH_90,Pollution from CO of existing HGOB,MG/NM3         ,10,30,CO          ,                ,         ,         ,         ,        ,0,0,       ,       ,         ,          ,          ,   ,0,0,0,0,0,        ,,,
BAT-AEL  ,POL_CEIB_130,Pollution from CO of existing IRONSTG,MG/NM3         ,5,100,CO          ,                ,         ,         ,         ,        ,0,0,       ,       ,         ,          ,          ,   ,0,0,0,0,0,        ,,,
BAT-AEL  ,POL_CEN_122,Pollution from CH4 of existing NGSL,MG/NM3         ,215,560,CH4         ,                ,         ,         ,         ,        ,0,0,       ,       ,         ,          ,          ,   ,0,0,0,0,0,        ,,,
BAT-AEL  ,POL_CES_54,Pollution from CO of existing SBIOP,MG/NM3         ,30,250,CO          ,                ,         ,         ,         ,        ,0,0,       ,       ,         ,          ,          ,   ,0,0,0,0,0,        ,,,
BAT-AEL  ,POL_CL2_TDI/MDI,Emissions of Cl2 to air from the production of EDC/VCM,MG/NM3         ,1,0,CL2         ,                ,         ,         ,         ,        ,0,0,       ,       ,         ,          ,          ,   ,0,0,0,0,0,        ,,,
BAT-AEL  ,POL_CNC_9,Emissions of Cl2 to air from the TDI/MDI process,MG/NM3         ,30,140,CO          ,                ,         ,         ,         ,        ,0,0,       ,       ,         ,          ,          ,   ,0,0,0,0,0,        ,,,
BAT-AEL  ,POL_CNCF_11,Pollution from CO of new COLIG,MG/NM3         ,30,100,CO          ,                ,         ,         ,         ,        ,0,0,       ,       ,         ,          ,          ,   ,0,0,0,0,0,        ,,,
BAT-AEL  ,POL_CNF_149,Pollution from CO of new FCB,MG/NM3         ,5,30,CO          ,                ,         ,         ,         ,        ,0,0,       ,       ,         ,          ,          ,   ,0,0,0,0,0,        ,,,
BAT-AEL  ,POL_CNGG_143,Pollution from CO of new GFGT,MG/NM3         ,0,75,CO          ,                ,         ,         ,         ,        ,0,0,       ,       ,         ,          ,          ,   ,0,0,0,0,0,        ,,,
BAT-AEL  ,POL_CNH_103,Pollution from CO of new HGORE,MG/NM3         ,50,175,CO          ,                ,         ,         ,         ,        ,0,0,       ,       ,         ,          ,          ,   ,0,0,0,0,0,        ,,,
BAT-AEL  ,POL_CNH_89,Pollution from CO of new HGOB,MG/NM3         ,10,30,CO          ,                ,         ,         ,         ,        ,0,0,       ,       ,         ,          ,          ,   ,0,0,0,0,0,        ,,,
BAT-AEL  ,POL_CNIB_129,Pollution from CO of new IRONSTG,MG/NM3         ,5,35,CO          ,                ,         ,         ,         ,        ,0,0,       ,       ,         ,          ,          ,   ,0,0,0,0,0,        ,,,
BAT-AEL  ,POL_CNIC_131,Pollution from CO of new IRONSTG,MG/NM3         ,5,20,CO          ,                ,         ,         ,         ,        ,0,0,       ,       ,         ,          ,          ,   ,0,0,0,0,0,        ,,,
BAT-AEL  ,POL_CNN_121,Pollution from CH4 of new NGSL,MG/NM3         ,215,500,CH4         ,                ,         ,         ,         ,        ,0,0,       ,       ,         ,          ,          ,   ,0,0,0,0,0,        ,,,
BAT-AEL  ,POL_CNNE_119,Pollution from CO of new NGGT,MG/NM3         ,30,100,CO          ,                ,         ,         ,         ,        ,0,0,       ,       ,         ,          ,          ,   ,0,0,0,0,0,        ,,,
BAT-AEL  ,POL_CNS_53,Pollution from CO of new SBIOP,MG/NM3         ,30,250,CO          ,                ,         ,         ,         ,        ,0,0,       ,       ,         ,          ,          ,   ,0,0,0,0,0,        ,,,
BAT-AEL  ,POL_COD,Pollution from Chemical Oxygen Demand into water,MG/L           ,100,30,COD         ,10,         ,T        ,         ,        ,0,0,       ,       ,         ,          ,          ,   ,0,0,0,0,0,        ,,,
BAT-AEL  ,POL_CR,Pollution from Chromium into water,MG/L          ,25,5,CR          ,2.5,         ,KG       ,         ,        ,0,0,       ,       ,         ,          ,          ,   ,0,0,0,0,0,        ,,,
BAT-AEL  ,POL_CU,Pollution from Copper into water,MG/L          ,50,5,CU          ,5,         ,KG       ,         ,        ,0,0,       ,       ,         ,          ,          ,   ,0,0,0,0,0,        ,,,
BAT-AEL  ,POL_CU_EDC,Direct emissions of copper to a receiving water,G/T            ,0.2,0.04,EDC         ,                ,         ,         ,         ,        ,0,0,       ,       ,         ,          ,          ,   ,0,0,0,100,1500,COLIG   ,,YEARLY AVERAGE,EXISTING 
BAT-AEL  ,POL_DEC_38,Pollution from dust of existing COLIG,MG/NM3         ,2,8,DUST        ,                ,         ,         ,         ,        ,0,0,       ,       ,         ,          ,          ,   ,0,0,300,1000,1500,COLIG   ,FBCCLIG  ,YEARLY AVERAGE,EXISTING 
BAT-AEL  ,POL_DEF_164,Pollution from dust of existing FCB,MG/NM3         ,2,10,DUST        ,                ,         ,         ,         ,        ,0,0,       ,       ,         ,          ,          ,   ,0,0,300,0,1500,COLIG   ,,YEARLY AVERAGE,EXISTING 
BAT-AEL  ,POL_DEG_112,Pollution from dust of existing GOGT,MG/NM3         ,2,5,DUST        ,                ,         ,         ,         ,        ,0,0,       ,       ,         ,          ,          ,   ,0,0,300,0,1500,COLIG   ,,YEARLY AVERAGE,EXISTING 
BAT-AEL  ,POL_DEH_100,Pollution from dust of existing HGOB,MG/NM3         ,2,10,DUST        ,                ,         ,         ,         ,        ,0,0,       ,       ,         ,          ,          ,   ,0,0,0,300,1500,COLIG   ,PCBOL    ,YEARLY AVERAGE,EXISTING 
BAT-AEL  ,POL_DEH_108,Pollution from dust of existing HGORE,MG/NM3         ,5,35,DUST        ,                ,         ,         ,         ,        ,0,0,       ,       ,         ,          ,          ,   ,0,0,0,300,1500,COLIG   ,FLBOL    ,YEARLY AVERAGE,EXISTING 
BAT-AEL  ,POL_DEH_98,Pollution from dust of existing HGOB,MG/NM3         ,2,20,DUST        ,                ,         ,         ,         ,        ,0,0,       ,       ,         ,          ,          ,   ,0,0,50,100,1500,COLIG   ,,YEARLY AVERAGE,EXISTING 
BAT-AEL  ,POL_DEIC_140,Pollution from dust of existing IRONSTG,MG/NM3         ,2,5,DUST        ,                ,         ,         ,         ,        ,0,0,       ,       ,         ,          ,          ,   ,0,0,0,300,1500,COLIG   ,,YEARLY AVERAGE,EXISTING 
BAT-AEL  ,POL_DES_82,Pollution from dust of existing SBIOP,MG/NM3         ,2,10,DUST        ,                ,         ,         ,         ,        ,0,0,       ,       ,         ,          ,          ,   ,0,0,0,300,1500,COLIG   ,,YEARLY AVERAGE,EXISTING 
BAT-AEL  ,POL_DNC_35,Pollution from dust of new COLIG,MG/NM3         ,2,5,DUST        ,                ,         ,         ,         ,        ,0,0,       ,       ,         ,          ,          ,   ,0,0,0,300,1500,COAL    ,,YEARLY AVERAGE,EXISTING 
BAT-AEL  ,POL_DNF_163,Pollution from dust of new FCB,MG/NM3         ,2,5,DUST        ,                ,         ,         ,         ,        ,0,0,       ,       ,         ,          ,          ,   ,0,0,0,300,1500,LIGNITE ,,YEARLY AVERAGE,EXISTING 
BAT-AEL  ,POL_DNG_111,Pollution from dust of new GOGT,MG/NM3         ,2,5,DUST        ,                ,         ,         ,         ,        ,0,0,       ,       ,         ,          ,          ,   ,0,0,100,0,1500,SBIOP   ,,YEARLY AVERAGE,EXISTING 
BAT-AEL  ,POL_DNH_107,Pollution from dust of new HGORE,MG/NM3         ,5,10,DUST        ,                ,         ,         ,         ,        ,0,0,       ,       ,         ,          ,          ,   ,0,0,0,100,1500,SBIOP   ,,YEARLY AVERAGE,EXISTING 
BAT-AEL  ,POL_DNH_97,Pollution from dust of new HGOB,MG/NM3         ,2,10,DUST        ,                ,         ,         ,         ,        ,0,0,       ,       ,         ,          ,          ,   ,0,0,0,300,1500,SBIOP   ,,YEARLY AVERAGE,EXISTING 
BAT-AEL  ,POL_DNH_99,Pollution from dust of new HGOB,MG/NM3         ,2,5,DUST        ,                ,         ,         ,         ,        ,0,0,       ,       ,         ,          ,          ,   ,0,0,100,0,1500,SBIOP   ,,YEARLY AVERAGE,EXISTING 
BAT-AEL  ,POL_DNIC_139,Pollution from dust of new IRONSTG,MG/NM3         ,2,5,DUST        ,                ,         ,         ,         ,        ,0,0,       ,       ,         ,          ,          ,   ,0,0,0,300,1500,SBIOP   ,,YEARLY AVERAGE,EXISTING 
BAT-AEL  ,POL_DNS_81,Pollution from dust of new SBIOP,MG/NM3         ,2,5,DUST        ,                ,         ,         ,         ,        ,0,0,       ,       ,         ,          ,          ,   ,0,0,0,100,1500,SBIOP   ,,YEARLY AVERAGE,EXISTING 
BAT-AEPL ,POL_EDC,Emission of chlorinated hydrocarbons in waste water at the outlet of a waste water stripper,MG/L           ,0.4,0.1,EDC         ,                ,         ,         ,         ,        ,0,0,       ,       ,         ,          ,          ,   ,0,0,100,0,1500,SBIOP   ,,YEARLY AVERAGE,EXISTING 
BAT-AEL  ,POL_EDC_EDC,Direct emissions of EDC to a receiving water,G/T            ,0.05,0.01,EDC PURIFIED,                ,         ,         ,         ,        ,0,0,       ,       ,         ,          ,          ,   ,0,0,0,100,1500,SBIOP   ,,YEARLY AVERAGE,EXISTING 
BAT-AEL  ,POL_EDCVCM,Emissions of EDC and VCM from the production of EDC/VCM,MG/NM3         ,1,0,"EDC,VCM     ",                ,         ,         ,         ,        ,0,0,       ,       ,         ,          ,          ,   ,0,0,300,0,1500,SBIOP   ,,YEARLY AVERAGE,EXISTING 
BAT-AEL  ,POL_FEN_124,Pollution from Formaldehyde of existing NGSL,MG/NM3         ,`,15,FORMALDEHYDE,                ,         ,         ,         ,        ,0,0,       ,       ,         ,          ,          ,   ,0,0,0,300,1500,SBIOP   ,,YEARLY AVERAGE,EXISTING 
BAT-AEL  ,POL_FNN_123,Pollution from Formaldehyde of new NGSL,MG/NM3         ,5,15,FORMALDEHYDE,                ,         ,         ,         ,        ,0,0,       ,       ,         ,          ,          ,   ,0,0,300,0,1500,SBIOP   ,,YEARLY AVERAGE,EXISTING 
BAT-AEL  ,POL_FORALD,Emission of Formaldehyde to air from formaldehyde production,MG/NM3         ,5,2,CH2O        ,                ,         ,         ,         ,        ,0,0,       ,       ,         ,          ,          ,   ,0,0,0,300,1500,SBIOP   ,,YEARLY AVERAGE,EXISTING 
BAT-AEL  ,POL_HCL_EDC/VCM,Emissions of HCl to air from the production of EDC/VCM,MG/NM3         ,4,1,HCL         ,                ,         ,         ,         ,        ,0,0,       ,       ,         ,          ,          ,   ,0,0,0,50,1500,SBIOP   ,,YEARLY AVERAGE,EXISTING 
BAT-AEL  ,POL_HCL_TDI/MDI,Emissions of HCl to air from the TDI/MDI process,MG/NM3         ,10,2,HCL         ,                ,         ,         ,         ,        ,0,0,       ,       ,         ,          ,          ,   ,0,0,0,0,0,SBIOP   ,,YEARLY AVERAGE,NEW      
BAT-AEL  ,POL_HEC_26,Pollution from HCI of existing COLIG,MG/NM3         ,1,5,HCI         ,                ,         ,         ,         ,        ,0,0,       ,       ,         ,          ,          ,   ,0,0,0,50,1500,SBIOP   ,,YEARLY AVERAGE,EXISTING 
BAT-AEL  ,POL_HEC_28,Pollution from HIF of existing COLIG,MG/NM3         ,1,3,HIF         ,                ,         ,         ,         ,        ,0,0,       ,       ,         ,          ,          ,   ,0,0,0,300,1500,COLIG   ,,YEARLY AVERAGE,EXISTING 
BAT-AEL  ,POL_HEF_154,Pollution from HCI of existing FCB,MG/NM3         ,2,15,HCI         ,                ,         ,         ,         ,        ,0,0,       ,       ,         ,          ,          ,   ,0,0,0,0,1500,HGOB    ,,YEARLY AVERAGE,EXISTING 
BAT-AEL  ,POL_HEF_158,Pollution from HF of existing FCB,MG/NM3         ,1,6,HF          ,                ,         ,         ,         ,        ,0,0,       ,       ,         ,          ,          ,   ,0,0,0,0,1500,HGOB    ,,YEARLY AVERAGE,EXISTING 
BAT-AEL  ,POL_HES_66,Pollution from HCI of existing SBIOP,MG/NM3         ,1,15,HCI         ,                ,         ,         ,         ,        ,0,0,       ,       ,         ,          ,          ,   ,0,0,0,50,1500,HGOB    ,,YEARLY AVERAGE,EXISTING 
BAT-AEL  ,POL_HES_72,Pollution from HIF of existing SBIOP,MG/NM3         ,0,1.5,HIF         ,                ,         ,         ,         ,        ,0,0,       ,       ,         ,          ,          ,   ,0,0,0,0,1500,HGORE   ,,YEARLY AVERAGE,EXISTING 
BAT-AEL  ,POL_HES_76,Pollution from HIF of existing SBIOP,MG/NM3         ,0,1,HIF         ,                ,         ,         ,         ,        ,0,0,       ,       ,         ,          ,          ,   ,0,0,0,0,0,HGORE   ,,YEARLY AVERAGE,NEW      
BAT-AEL  ,POL_HNC_23,Pollution from HCI of new COLIG,MG/NM3         ,1,6,HCI         ,                ,         ,         ,         ,        ,0,0,       ,       ,         ,          ,          ,   ,0,0,0,0,1500,GOGT    ,,YEARLY AVERAGE,EXISTING 
BAT-AEL  ,POL_HNC_27,Pollution from HIF of new COLIG,MG/NM3         ,1,3,HIF         ,                ,         ,         ,         ,        ,0,0,       ,       ,         ,          ,          ,   ,0,0,0,0,1500,NGGT    ,BOILER   ,YEARLY AVERAGE,EXISTING 
BAT-AEL  ,POL_HNF_153,Pollution from HCI of new FCB,MG/NM3         ,1,7,HCI         ,                ,         ,         ,         ,        ,0,0,       ,       ,         ,          ,          ,   ,0,0,0,0,0,NGGT    ,BOILER   ,YEARLY AVERAGE,NEW      
BAT-AEL  ,POL_HNF_157,Pollution from HF of new FCB,MG/NM3         ,1,3,HF          ,                ,         ,         ,         ,        ,0,0,       ,       ,         ,          ,          ,   ,0,0,0,0,0,NGSL    ,NA,YEARLY AVERAGE,NEW      
BAT-AEL  ,POL_HNS_69,Pollution from HCI of new SBIOP,MG/NM3         ,1,5,HCI         ,                ,         ,         ,         ,        ,0,0,       ,       ,         ,          ,          ,   ,0,0,100,0,1500,IRONSTG ,BOILER   ,YEARLY AVERAGE,EXISTING 
BAT-AEL  ,POL_HNS_73,Pollution from HIF of new SBIOP,MG/NM3         ,0,1,HIF         ,                ,         ,         ,         ,        ,0,0,       ,       ,         ,          ,          ,   ,0,0,100,0,1500,IRONSTG ,BOILER   ,YEARLY AVERAGE,EXISTING 
BAT-AEL  ,POL_HNS_75,Pollution from HIF of new SBIOP,MG/NM3         ,0,1,HIF         ,                ,         ,         ,         ,        ,0,0,       ,       ,         ,          ,          ,   ,0,0,0,100,1500,IRONSTG ,CCGT     ,YEARLY AVERAGE,EXISTING 
BAT-AEL  ,POL_MEC_44,Pollution from Mercury of existing COAL,UG/NM3         ,1,4,MERCURY     ,                ,         ,         ,         ,        ,0,0,       ,       ,         ,          ,          ,   ,0,0,0,300,1500,IRONSTG ,CCGT     ,YEARLY AVERAGE,EXISTING 
BAT-AEL  ,POL_MEL_42,Pollution from Mercury of existing LIGNITE,UG/NM3         ,1,10,MERCURY     ,                ,         ,         ,         ,        ,0,0,       ,       ,         ,          ,          ,   ,0,0,0,0,1500,GFGT    ,GTCGF    ,YEARLY AVERAGE,EXISTING 
BAT-AEL  ,POL_MES_84,Pollution from Mercury of existing SBIOP,UG/NM3         ,1,5,MERCURY     ,                ,         ,         ,         ,        ,0,0,       ,       ,         ,          ,          ,   ,0,0,0,0,1500,FCB     ,MIXGL    ,YEARLY AVERAGE,EXISTING 
BAT-AEL  ,POL_MNC_39,Pollution from Mercury of new COAL,UG/NM3         ,1,3,MERCURY     ,                ,         ,         ,         ,        ,0,0,       ,       ,         ,          ,          ,   ,0,0,0,0,1500,FCB     ,GAS      ,YEARLY AVERAGE,EXISTING 
BAT-AEL  ,POL_MNL_41,Pollution from Mercury of new LIGNITE,UG/NM3         ,1,5,MERCURY     ,                ,         ,         ,         ,        ,0,0,       ,       ,         ,          ,          ,   ,0,0,0,0,1500,FCB     ,NA,YEARLY AVERAGE,EXISTING 
BAT-AEL  ,POL_MNS_83,Pollution from Mercury of new SBIOP,UG/NM3         ,1,5,MERCURY     ,                ,         ,         ,         ,        ,0,0,       ,       ,         ,          ,          ,   ,0,0,0,0,1500,FCB     ,NA,YEARLY AVERAGE,EXISTING 
BAT-AEL  ,POL_NECF_6,Pollution from NOX of existing COLIG,MG/NM3         ,85,150,NOX         ,                ,         ,         ,         ,        ,0,0,       ,       ,         ,          ,          ,   ,0,0,0,100,1500,COLIG   ,FBCCLIG  ,YEARLY AVERAGE,EXISTING 
BAT-AEL  ,POL_NEFM_146,Pollution from NOX of existing FCB,MG/NM3         ,80,290,NOX         ,                ,         ,         ,         ,        ,0,0,       ,       ,         ,          ,          ,   ,0,0,0,0,0,        ,,,
BAT-AEL  ,POL_NEGG_142,Pollution from NOX of existing GFGT,MG/NM3         ,50,350,NOX         ,                ,         ,         ,         ,        ,0,0,       ,       ,         ,          ,          ,   ,0,0,0,100,1500,COLIG   ,,YEARLY AVERAGE,EXISTING 
BAT-AEL  ,POL_NEH_102,Pollution from NOX of existing HGORE,MG/NM3         ,125,625,NOX         ,                ,         ,         ,         ,        ,0,0,       ,       ,         ,          ,          ,   ,0,0,100,0,1500,COLIG   ,,YEARLY AVERAGE,EXISTING 
BAT-AEL  ,POL_NEH_86,Pollution from NOX of existing HGOB,MG/NM3         ,150,270,NOX         ,                ,         ,         ,         ,        ,0,0,       ,       ,         ,          ,          ,   ,0,0,0,100,1500,COLIG   ,FBCCLIG  ,YEARLY AVERAGE,EXISTING 
BAT-AEL  ,POL_NEIC_128,Pollution from NOX of existing IRONSTG,MG/NM3         ,20,50,NOX         ,                ,         ,         ,         ,        ,0,0,       ,       ,         ,          ,          ,   ,0,0,300,1000,1500,COLIG   ,FBCCLIG  ,YEARLY AVERAGE,EXISTING 
BAT-AEL  ,POL_NENB_114,Pollution from NOX of existing NGGT,MG/NM3         ,50,100,NOX         ,                ,         ,         ,         ,        ,0,0,       ,       ,         ,          ,          ,   ,0,0,0,1000,0,COLIG   ,COALPC   ,YEARLY AVERAGE,NEW      
BAT-AEL  ,POL_NES_50,Pollution from NOX of existing SBIOP,MG/NM3         ,50,180,NOX         ,                ,         ,         ,         ,        ,0,0,       ,       ,         ,          ,          ,   ,0,0,0,300,1500,COLIG   ,PCBOL    ,YEARLY AVERAGE,EXISTING 
BAT-AEL  ,POL_NH3_ELOCF,Pollution from NH3 of existing LOCF,MG/NM3         ,15,5,NH3         ,                ,         ,         ,         ,        ,0,0,       ,       ,         ,          ,          ,   ,0,0,50,100,1500,COLIG   ,,YEARLY AVERAGE,EXISTING 
BAT-AEL  ,POL_NH3_NLOCF,Pollution from NH3 of new LOCF,MG/NM3         ,15,5,NH3         ,                ,         ,         ,         ,        ,0,0,       ,       ,         ,          ,          ,   ,0,0,300,100,1500,COLIG   ,,YEARLY AVERAGE,EXISTING 
BAT-AEL  ,POL_NI,Pollution from Nickel into water,MG/L          ,50,5,NI          ,5,         ,KG       ,         ,        ,0,0,       ,       ,         ,          ,          ,   ,0,0,0,300,1500,COLIG   ,,YEARLY AVERAGE,EXISTING 
BAT-AEL  ,POL_NNCC_7,Pollution from NOX of new COLIG,MG/NM3         ,65,85,NOX         ,                ,         ,         ,         ,        ,0,0,       ,       ,         ,          ,          ,   ,0,0,0,300,1500,COLIG   ,,YEARLY AVERAGE,EXISTING 
BAT-AEL  ,POL_NNFM_145,Pollution from NOX of new FCB,MG/NM3         ,30,85,NOX         ,                ,         ,         ,         ,        ,0,0,       ,       ,         ,          ,          ,   ,0,0,0,300,1500,COAL    ,,YEARLY AVERAGE,EXISTING 
BAT-AEL  ,POL_NNGG_141,Pollution from NOX of new GFGT,MG/NM3         ,15,50,NOX         ,                ,         ,         ,         ,        ,0,0,       ,       ,         ,          ,          ,   ,0,0,100,0,1500,LIGNITE ,,YEARLY AVERAGE,EXISTING 
BAT-AEL  ,POL_NNH_101,Pollution from NOX of new HGORE,MG/NM3         ,115,190,NOX         ,                ,         ,         ,         ,        ,0,0,       ,       ,         ,          ,          ,   ,0,0,300,100,1500,COAL    ,,YEARLY AVERAGE,EXISTING 
BAT-AEL  ,POL_NNH_85,Pollution from NOX of new HGOB,MG/NM3         ,75,200,NOX         ,                ,         ,         ,         ,        ,0,0,       ,       ,         ,          ,          ,   ,0,0,0,300,1500,LIGNITE ,,YEARLY AVERAGE,EXISTING 
BAT-AEL  ,POL_NNH_87,Pollution from NOX of new HGOB,MG/NM3         ,45,75,NOX         ,                ,         ,         ,         ,        ,0,0,       ,       ,         ,          ,          ,   ,0,0,100,0,1500,SBIOP   ,,YEARLY AVERAGE,EXISTING 
BAT-AEL  ,POL_NNIC_127,Pollution from NOX of new IRONSTG,MG/NM3         ,20,35,NOX         ,                ,         ,         ,         ,        ,0,0,       ,       ,         ,          ,          ,   ,0,0,0,300,1500,SBIOP   ,,YEARLY AVERAGE,EXISTING 
BAT-AEL  ,POL_NNNE_115,Pollution from NOX of new NGGT,MG/NM3         ,20,75,NOX         ,                ,         ,         ,         ,        ,0,0,       ,       ,         ,          ,          ,   ,0,0,300,100,0,SBIOP   ,,YEARLY AVERAGE,NEW      
BAT-AEL  ,POL_NNS_47,Pollution from NOX of new SBIOP,MG/NM3         ,70,150,NOX         ,                ,         ,         ,         ,        ,0,0,       ,       ,         ,          ,          ,   ,0,0,0,300,0,SBIOP   ,,YEARLY AVERAGE,NEW      
BAT-AEL  ,POL_NOX_EDCCF,Pollution to air from NOX from an EDC cracker furnace,MG/NM3         ,100,50,NOX         ,                ,         ,         ,         ,        ,0,0,       ,       ,         ,          ,          ,   ,0,0,0,100,0,SBIOP   ,,YEARLY AVERAGE,NEW      
BAT-AEL  ,POL_NOX_ELOCF,Pollution from NOX of existing LOCF,MG/NM3         ,200,70,NOX         ,                ,         ,         ,         ,        ,0,0,       ,       ,         ,          ,          ,   ,0,0,100,0,1500,SBIOP   ,,YEARLY AVERAGE,EXISTING 
BAT-AEL  ,POL_NOX_NLOCF,Pollution from NOX of new LOCF,MG/NM3         ,100,60,NOX         ,                ,         ,         ,         ,        ,0,0,       ,       ,         ,          ,          ,   ,0,0,0,100,1500,SBIOP   ,,YEARLY AVERAGE,EXISTING 
BAT-AEPL ,POL_OPEROX,For organic peroxides at the outlet of the peroxides decomposition unit,MG/L           ,100,0,C9H12O2     ,                ,         ,         ,         ,        ,0,0,       ,       ,         ,          ,          ,   ,0,0,300,0,1500,SBIOP   ,,YEARLY AVERAGE,EXISTING 
BAT-AEL  ,POL_PCDD/F_EDC,"""Direct emissions of PCDD/F to a receiving water",NG I-TEQ/T     ,0.3,0.1,EDC         ,                ,         ,         ,         ,        ,0,0,       ,       ,         ,          ,          ,   ,0,0,0,300,1500,SBIOP   ,,YEARLY AVERAGE,EXISTING 
BAT-AEL  ,POL_PCDD/F_EDC/VCM,Emissions of PCDD/F to air from the production of EDC/VCM,NG I-TEQ/NM3   ,0.08,0.025,PCDD/F      ,                ,         ,         ,         ,        ,0,0,       ,       ,         ,          ,          ,   ,0,0,0,300,1500,SBIOP   ,,YEARLY AVERAGE,EXISTING 
BAT-AEL  ,POL_PCDD/F_TDI/MDI,Emissions of PCDD/F to air from the TDI/MDI process,NG I-TEQ/NM3   ,0.08,0.025,PCDD/F      ,                ,         ,         ,         ,        ,0,0,       ,       ,         ,          ,          ,   ,0,0,0,50,1500,SBIOP   ,,YEARLY AVERAGE,EXISTING 
BAT-AEL  ,POL_PF_165,Pollution from PCDD/F of  FCB,NG I-TEQ/NM3   ,0.012,0.036,PCDD/F      ,                ,         ,         ,         ,        ,0,0,       ,       ,         ,          ,          ,   ,0,0,0,0,1500,SBIOP   ,,YEARLY AVERAGE,EXISTING 
BAT-AEL  ,POL_SECP_20,Pollution from SO2 of existing COLIG,MG/NM3         ,10,130,SO2         ,                ,         ,         ,         ,        ,0,0,       ,       ,         ,          ,          ,   ,0,0,0,300,1500,COLIG   ,PCBOL    ,YEARLY AVERAGE,EXISTING 
BAT-AEL  ,POL_SEF_152,Pollution from SO2 of existing FCB,MG/NM3         ,10,110,SO2         ,                ,         ,         ,         ,        ,0,0,       ,       ,         ,          ,          ,   ,0,0,0,0,0,HGOB    ,,YEARLY AVERAGE,NEW      
BAT-AEL  ,POL_SEG_110,Pollution from SO2 of existing GOGT,MG/NM3         ,35,60,SO2         ,                ,         ,         ,         ,        ,0,0,       ,       ,         ,          ,          ,   ,0,0,0,0,0,HGOB    ,,YEARLY AVERAGE,NEW      
BAT-AEL  ,POL_SEH_106,Pollution from SO2 of existing HGORE,MG/NM3         ,100,200,SO2         ,                ,         ,         ,         ,        ,0,0,       ,       ,         ,          ,          ,   ,0,0,0,0,1500,HGOB    ,,YEARLY AVERAGE,EXISTING 
BAT-AEL  ,POL_SEH_94,Pollution from SO2 of existing HGOB,MG/NM3         ,50,175,SO2         ,                ,         ,         ,         ,        ,0,0,       ,       ,         ,          ,          ,   ,0,0,0,0,1500,HGOB    ,,YEARLY AVERAGE,EXISTING 
BAT-AEL  ,POL_SEH_96,Pollution from SO2 of existing HGOB,MG/NM3         ,50,110,SO2         ,                ,         ,         ,         ,        ,0,0,       ,       ,         ,          ,          ,   ,0,0,0,50,1500,HGOB    ,,YEARLY AVERAGE,EXISTING 
BAT-AEL  ,POL_SEIC_136,Pollution from SO2 of existing IRONSTG,MG/NM3         ,10,45,SO2         ,                ,         ,         ,         ,        ,0,0,       ,       ,         ,          ,          ,   ,0,0,0,0,1500,HGORE   ,,YEARLY AVERAGE,EXISTING 
BAT-AEL  ,POL_SES_62,Pollution from SO2 of existing SBIOP,MG/NM3         ,10,70,SO2         ,                ,         ,         ,         ,        ,0,0,       ,       ,         ,          ,          ,   ,0,0,0,0,0,HGORE   ,,YEARLY AVERAGE,NEW      
BAT-AEL  ,POL_SES_64,Pollution from SO2 of existing SBIOP,MG/NM3         ,10,50,SO2         ,                ,         ,         ,         ,        ,0,0,       ,       ,         ,          ,          ,   ,0,0,0,0,0,HGORE   ,,YEARLY AVERAGE,NEW      
BAT-AEL  ,POL_SNC_15,Pollution from SO2 of new COLIG,MG/NM3         ,150,200,SO2         ,                ,         ,         ,         ,        ,0,0,       ,       ,         ,          ,          ,   ,0,0,0,0,0,GOGT    ,,YEARLY AVERAGE,NEW      
BAT-AEL  ,POL_SNF_151,Pollution from SO2 of new FCB,MG/NM3         ,10,110,SO2         ,                ,         ,         ,         ,        ,0,0,       ,       ,         ,          ,          ,   ,0,0,0,0,1500,NGGT    ,BOILER   ,YEARLY AVERAGE,EXISTING 
BAT-AEL  ,POL_SNG_109,Pollution from SO2 of new GOGT,MG/NM3         ,35,60,SO2         ,                ,         ,         ,         ,        ,0,0,       ,       ,         ,          ,          ,   ,0,0,0,0,1500,NGGT    ,ENGINE   ,YEARLY AVERAGE,EXISTING 
BAT-AEL  ,POL_SNH_105,Pollution from SO2 of new HGORE,MG/NM3         ,45,100,SO2         ,                ,         ,         ,         ,        ,0,0,       ,       ,         ,          ,          ,   ,0,0,0,0,1500,NGSL    ,,YEARLY AVERAGE,EXISTING 
BAT-AEL  ,POL_SNH_93,Pollution from SO2 of new HGOB,MG/NM3         ,50,175,SO2         ,                ,         ,         ,         ,        ,0,0,       ,       ,         ,          ,          ,   ,0,0,0,0,1500,NGSL    ,,YEARLY AVERAGE,EXISTING 
BAT-AEL  ,POL_SNH_95,Pollution from SO2 of new HGOB,MG/NM3         ,35,50,SO2         ,                ,         ,         ,         ,        ,0,0,       ,       ,         ,          ,          ,   ,0,0,0,0,1500,IRONSTG ,BOILER   ,YEARLY AVERAGE,EXISTING 
BAT-AEL  ,POL_SNIC_135,Pollution from SO2 of new IRONSTG,MG/NM3         ,10,45,SO2         ,                ,         ,         ,         ,        ,0,0,       ,       ,         ,          ,          ,   ,0,0,100,0,1500,IRONSTG ,BOILER   ,YEARLY AVERAGE,EXISTING 
BAT-AEL  ,POL_SNS_59,Pollution from SO2 of new SBIOP,MG/NM3         ,15,70,SO2         ,                ,         ,         ,         ,        ,0,0,       ,       ,         ,          ,          ,   ,0,0,0,100,1500,IRONSTG ,CCGT     ,YEARLY AVERAGE,EXISTING 
BAT-AEL  ,POL_TF_166,Pollution from TVOC of  FCB,MG/NM3         ,0.6,12,TVOC        ,                ,         ,         ,         ,        ,0,0,       ,       ,         ,          ,          ,   ,0,0,300,0,1500,IRONSTG ,BOILER   ,YEARLY AVERAGE,EXISTING 
BAT-AEL  ,POL_TIN,Pollution from Total Inorganic Nitrogen into water,MG/L           ,20,5,IN          ,2,         ,T        ,         ,        ,0,0,       ,       ,         ,          ,          ,   ,0,0,0,300,1500,IRONSTG ,CCGT     ,YEARLY AVERAGE,EXISTING 
BAT-AEL  ,POL_TN,Pollution from Total Nitrogen into water,MG/L           ,25,5,N           ,2.5,         ,T        ,         ,        ,0,0,       ,       ,         ,          ,          ,   ,0,0,0,0,1500,GFGT    ,GTCGF    ,YEARLY AVERAGE,EXISTING 
BAT-AEL  ,POL_TOC,Pollution from Total Organic Carbon into water,MG/L           ,33,10,TOC         ,3.3,         ,T        ,         ,        ,0,0,       ,       ,         ,          ,          ,   ,0,0,0,0,1500,GFGT    ,GTCGF    ,YEARLY AVERAGE,EXISTING 
BAT-AEPL ,POL_TOC_TDI/MDI,Discharge to waste water treatment from a TDI or MDI plant,KG/T           ,0.5,0,TOC         ,                ,         ,         ,         ,        ,0,0,       ,       ,         ,          ,          ,   ,0,0,0,0,1500,FCB     ,MIXGL    ,YEARLY AVERAGE,EXISTING 
BAT-AEL  ,POL_TP,Pollution from Total Phosphorous into water,MG/L           ,3,0.5,P           ,300,         ,KG       ,         ,        ,0,0,       ,       ,         ,          ,          ,   ,0,0,0,0,1500,FCB     ,GAS      ,YEARLY AVERAGE,EXISTING 
BAT-AEL  ,POL_TSS,Pollution from Total Suspended Solids into water,MG/L           ,35,5,TSS         ,3.5,         ,T        ,         ,        ,0,0,       ,       ,         ,          ,          ,   ,0,0,0,0,1500,FCB     ,,YEARLY AVERAGE,EXISTING 
BAT-AEPL ,POL_TSS_EDC,Emissions to water from EDC production via oxychlorination at the outlet of the pretreatment for solids removal at plants using the fluidised-bed design,MG/L           ,30,10,TSS         ,                ,         ,         ,         ,        ,0,0,       ,       ,         ,          ,          ,   ,0,0,0,0,1500,FCB     ,,YEARLY AVERAGE,EXISTING 
BAT-AEL  ,POL_TVOC_EDC/VCM,Emissions of TVOC to air from the EDC/VCM process,MG/NM3         ,5,0.5,TVOC        ,                ,         ,         ,         ,        ,0,0,       ,       ,         ,          ,          ,   ,0,0,0,0,1500,FCB     ,,YEARLY AVERAGE,EXISTING 
BAT-AEL  ,POL_TVOC_EO,Emissions of organic compounds to air from the desorption of CO2 from the scrubbing medium used in the Ethylene Oxide plant,G/T            ,10,1,TVOC        ,                ,         ,         ,         ,        ,0,0,       ,       ,         ,          ,          ,   ,0,0,0,0,1500,FCB     ,,YEARLY AVERAGE,EXISTING 
BAT-AEL  ,POL_TVOC_FORALD,Emission of TVOC to air from formaldehyde production,MG/NM3         ,30,5,TVOC        ,                ,         ,         ,         ,        ,0,0,       ,       ,         ,          ,          ,   ,0,0,0,0,1500,FCB     ,,YEARLY AVERAGE,EXISTING 
BAT-AEL  ,POL_TVOC_H2O2,Emissions of TVOC to air from the oxidation unit,MG/NM3         ,25,5,TVOC        ,                ,150,G/H      ,         ,        ,0,0,       ,       ,         ,          ,          ,   ,0,0,0,0,1500,FCB     ,,YEARLY AVERAGE,EXISTING 
BAT-AEL  ,POL_TVOC_PHE,Emissions of TVOC to air from the production of phenol,MG/NM3         ,30,5,TVOC        ,                ,         ,         ,         ,        ,0,0,       ,       ,         ,          ,          ,   ,0,0,0,0,1500,FCB     ,,YEARLY AVERAGE,EXISTING 
BAT-AEL  ,POL_TVOC_TDI/MDI,Emissions of TVOC to air from the TDI/MDI process,MG/NM3         ,5,1,TVOC        ,                ,         ,         ,         ,        ,0,0,       ,       ,         ,          ,          ,   ,0,0,0,0,1500,FCB     ,,YEARLY AVERAGE,EXISTING 
BAT-AEPL ,POL_VCM,Emission of chlorinated hydrocarbons in waste water at the outlet of a waste water stripper,MG/L           ,0.05,0,VCM         ,                ,         ,         ,         ,        ,0,0,       ,       ,         ,          ,          ,   ,0,0,0,0,0,FCB     ,,YEARLY AVERAGE,EXISTING 
BAT-AEL  ,POL_ZN,Pollution from Zinc into water,MG/L          ,300,20,ZN          ,30,         ,KG       ,         ,        ,0,0,       ,       ,         ,          ,          ,   ,0,0,0,0,0,        ,,,
GHG      ,PROP,Has demonstrated best efforts to implement the relevant practices,TCO2E/T        ,0.851,0,            ,                ,         ,         ,         ,        ,0,0,       ,       ,         ,          ,          ,   ,0,0,0,0,0,        ,,,
GHG      ,PXYLOL,Production of P-xylene,TCO2E/T        ,0.0072,0,0,0,,,,,,,,,,,,,,,,,,,,,
IMPL     ,RISK,The physical climate risks that are material to the activity have been identified,INDICATOR (Y/N),,,            ,                ,         ,         ,         ,        ,0,0,       ,       ,         ,          ,          ,   ,0,0,0,0,0,        ,,,
IMPL     ,RISK_ASM,Assessment of adaptation solutions that can reduce the identified physical climate risk,INDICATOR (Y/N),,,0,0,,,,,,,,,,,,,,,,,,,,,
IMPL     ,RISK_MAT,The physical climate risks that are material to the activity have been identified,INDICATOR (Y/N),,,            ,                ,         ,         ,         ,        ,0,0,       ,       ,         ,          ,          ,   ,0,0,0,0,0,        ,,,
IMPL     ,RISK_SCREEN,Screening of the activity to identify which physical climate risks may affect the performance of the economic activity during its expected lifetime,INDICATOR (Y/N),,,            ,                ,         ,         ,         ,        ,0,0,       ,       ,         ,          ,          ,   ,0,0,0,0,0,        ,,,
IMPL     ,SC_CCM_ABIO,Agricultural biomass compliance,INDICATOR (Y/N),,,0,0,,,,,,,,,,,,,,,,,,,,,
GHG      ,STO,Screening of the activity to identify which physical climate risks may affect the performance of the economic activity during its expected lifetime,TCO2E/T        ,0.242,0,            ,                ,         ,         ,         ,        ,0,0,       ,       ,         ,          ,          ,   ,0,0,0,0,0,        ,,,
GHG      ,STYR,Production of styrene,TCO2E/T        ,0.564,0,            ,                ,         ,         ,         ,        ,0,0,       ,       ,         ,          ,          ,   ,0,0,0,0,0,        ,,,
GHG      ,TERPHEN,sintered ore,TCO2E/T        ,0.03,0,            ,                ,         ,         ,         ,        ,0,0,       ,       ,         ,          ,          ,   ,0,0,0,0,0,        ,,,
GHG      ,TOL,Production of styrene,TCO2E/T        ,0.03,0,            ,                ,         ,         ,         ,        ,0,0,       ,       ,         ,          ,          ,   ,0,0,0,0,0,        ,,,
,UNG,UN Guiding Principles on Business and Human Rights (MS_UNG),INDICATOR (Y/N),,,,0,,,,,,,,,,,,,0,0,0,0,0,,,,
IMPL     ,VERF,Quantified life-cycle GHG emissions are verified,INDICATOR (Y/N),,,0,0,,,,,,,,,,,,,0,0,0,0,0,,,,
GHG      ,VINCHL,Production of vinyl chloride,TCO2E/T        ,0.171,0,0,0,,,,,,,,,,,,,0,0,0,0,0,,,,
GHG      ,VINTOL,Production of vinyltoluene,TCO2E/T        ,0.0072,0,0,0,,,,,,,,,,,,,0,0,0,0,0,,,,
IMPL     ,WAT_EIA,EIA (Environmental Impact Assessment) (Directive 2011/92/EU),INDICATOR (Y/N),,,            ,                ,         ,         ,         ,        ,0,0,       ,       ,         ,          ,          ,   ,0,0,0,0,0,        ,,,
GHG      ,XYLOL,Production of xylene,TCO2E/T        ,0.03,0,            ,                ,         ,         ,         ,        ,0,0,       ,       ,         ,          ,          ,   ,0,0,0,0,0,        ,,,
GHG      ,DCO2,B,TCO2/KM,0,0,,,,,,,,,,,,,,,,,,,,,,,
IMPL     ,CVA,b,INDICATOR (Y/N),0,0,,,,,,,0,0,,,,,,,0,0,0,0,0,,,,
IMPL     ,CEC_WHF,a,INDICATOR (Y/N),0,0,,,,,,BV,0,0,,,,,,,0,0,0,0,0,,,,
GHG      ,POL_NC1CO,s,G/KWH,0,0,CO,8,,,NRE-C-1,,0,7.990,CI,V,,,,,0,0,0,0,0,,,,
GHG      ,POL_NC1HC,s,G/KWH,0,0,HC,7.5,,,NRE-C-1,,0,7.990,CI,V,,,,,0,0,0,0,0,,,,
GHG      ,POL_NC1NO,r,G/KWH,0,0,NOX,7.5,,,NRE-C-1,,0,7.990,CI,V,,,,,0,0,0,0,0,,,,
GHG      ,POL_NC1PM,q,G/KWH,0,0,PM MASS,0.4,,,NRE-C-1,,0,7.990,CI,V,,,,,0,0,0,0,0,,,,
PERC,POL_SOM,e,%,0,0,SOX,0.5,,,,,0,0,,,,,,,0,0,0,0,0,,,,
PERC,POL_SOE,g,%,0,0,SOX,0.1,,,,,0,0,,,,,,,0,0,0,0,0,,,,
PERC,POL_NOX,y,%,0,0,NOX,,,,,,0,0,,,,,,,0,0,0,0,0,,,,
IMPL     ,POL_BGW,g,INDICATOR (Y/N),0,0,,,,,,,0,0,,,,,,,0,0,0,0,0,,,,
IMPL     ,POL_INC,y,INDICATOR (Y/N),0,0,,,,,,,0,0,,,,,,,0,0,0,0,0,,,,
IMPL     ,BIO_BWM,g,INDICATOR (Y/N),0,0,,,,,,,0,0,,,,,,,0,0,0,0,0,,,,
IMPL     ,BIO_IMBG,y,INDICATOR (Y/N),0,0,,,,,,,0,0,,,,,,,0,0,0,0,0,,,,
IMPL     ,BIO_NGES,g,INDICATOR (Y/N),0,0,,,,,,,,,,,,,,,,,,,,,,,
GHG      ,PENG,The ,%,,,,,,,,,,,,,,,,,,,,,,,,,
